heritage_id,country_id
65096742w,408
65130425w,774
66057913w,794
107183452w,115
64763166w,159
98769058w,1005
98769058w,1041
107482578w,1008
65621655w,717
5699w,796
5725w,843
1070w,668
4519w,794
4523w,794
351w,30
4522w,252
4520w,252
20963673w,43
22026170w,399
25379596w,962
25379596w,965
25379596w,1032
25933006w,796
52284968w,948
64787456w,711
64787456w,159
8399w,142
5908w,183
9427w,912
5859w,96
31347w,148
35045w,750
23800w,233
38095w,736
29317w,836
44112w,1016
3936w,183
4132w,148
3642w,986
27960w,739
28361w,242
9276w,1027
106934w,142
33934w,750
9278w,79
22720w,183
156292w,183
162835w,794
166479w,145
19094w,183
131377w,1030
46069w,232
5595w,37
5595w,159
170047w,796
5747w,858
7341w,36
155727w,843
155699w,39
156675w,183
5724w,854
5788w,810
43278w,954
43278w,953
9900w,55
192201w,40
210610w,794
22889w,145
43286w,148
61750w,750
143042w,403
153430w,20
4527w,668
190060w,881
191504w,1016
26732w,668
72895w,16
122026w,183
171857w,668
61306w,96
237w,237
9141w,668
181427w,96
189113w,16
174779w,45
179046w,668
129072w,794
129072w,389688
129072w,13405524
223589w,974
230025w,794
193325w,874
193241w,219
62378w,145
272777w,38
277683w,159
127754w,183
138170w,408
156316w,183
133575w,29
188617w,145
188754w,17
192522w,43
189616w,668
172613w,96
134905w,408
157543w,183
192493w,258
180274w,142
237128w,30
239748w,33
463141w,29
471765w,148
200521w,763
207692w,148
189849w,224
391229w,31
391391w,16
203197w,854
205952w,30
207917w,43
207985w,142
192764w,668
244347w,1041
202845w,664
208181w,145
71279w,36
25496w,842
48608w,804
244952w,38
263701w,40
272799w,114
277525w,423
289466w,16
214827w,783
214007w,963
466614w,796
467763w,183
490798w,884
217449w,38
265453w,31
242681w,30
273456w,115
192518w,805
190048w,262
581641w,43
604604w,16
604604w,30
201428w,142
794643w,1032
851122w,28
865097w,869
870258w,819
904128w,403
240832w,16
260465w,408
277540w,419
213988w,34
235878w,668
328577w,1008
374096w,142
331099w,1029
370956w,38
391496w,408
584125w,869
642979w,115
650872w,963
253241w,38
272153w,854
205367w,142
208559w,34
318181w,227
330095w,258
379652w,41
422941w,854
309426w,1036
308805w,148
276553w,219
279968w,183
301815w,219
372093w,30
379759w,145
239028w,31
242176w,17
215315w,37
235884w,668
209705w,35
210678w,20
504315w,115
546010w,43
464695w,115
478707w,55
503835w,929
216059w,148
217447w,33
464913w,1011
500189w,916
733676w,1041
755514w,233
435829w,33
464004w,30
278908w,183
309436w,1028
464918w,142
500367w,262
559363w,1041
535577w,265
608100w,948
629210w,244
662102w,262
819729w,36
830805w,801
852085w,16
852427w,183
134873w,148
750245w,38
756790w,924
310719w,258
319296w,219
677879w,31
726842w,38
732708w,41
687973w,39
738657w,142
680322w,842
753162w,38
477157w,884
477462w,159
941412w,419
1025100w,869
1046414w,96
210055w,225
778743w,117
828417w,33
863815w,710
934627w,408
569766w,265
575035w,148
532440w,668
558514w,794
572895w,298
16743243w,96
17013603w,837
19605615w,258
3457361w,148
3457508w,142
3511938w,236
3848455w,96
4411008w,159
5472448w,668
7899619w,794
495276w,884
500376w,215
501833w,79
636774w,38
652634w,36
715124w,29
753895w,96
787425w,30
834893w,833
837627w,145
853364w,148
910661w,224
923894w,29
319821w,30
1790760w,148
2211959w,837
2268839w,924
722732w,213
723999w,35
1334966w,145
1439433w,16
1642003w,34
639487w,760
646076w,145
650531w,219
970717w,837
1075023w,837
744420w,29
817164w,148
909755w,241
503823w,912
503387w,219
2164885w,213
2215414w,222
2215414w,221
2239058w,35
2425839w,962
391338w,16
433634w,20
752091w,668
752181w,783
757067w,39
924276w,1006
924276w,1008
16064866w,142
16064866w,145
16064866w,183
16064866w,213
828291w,414
828071w,223
832957w,38
1982106w,403
2284354w,29
2945656w,45
3106527w,948
3320082w,804
8343770w,45
11402500w,17
12201148w,96
15240737w,843
15726441w,142
15728421w,142
15839120w,29
15924897w,145
16064866w,31
16064866w,38
16064866w,40
559789w,96
574879w,38
595802w,31
608090w,28
608090w,214
3678596w,858
3848141w,96
4115349w,858
4986623w,145
3113345w,884
3370031w,29
3370031w,215
3380656w,668
2114279w,16
2914326w,948
2945646w,38
3320442w,419
3370009w,833
852546w,96
899302w,29
1026845w,34
1100964w,79
422929w,863
457362w,262
732554w,419
743108w,145
945514w,38
1214318w,38
1541665w,408
1595417w,155
1647948w,114
1780249w,183
3411434w,29
3411434w,142
3485435w,38
3485435w,39
3848197w,45
6063031w,774
8343758w,241
9709444w,29
10588848w,29
12220316w,805
38278862w,41
55379486w,794
55524104w,17
64798261w,159
64822967w,183
65725484w,1008
65821410w,79
65924939w,1028
109706388w,183
114559132w,183
621498w,1033
645157w,29
651278w,148
8032604w,36
8032604w,212
8343760w,155
8343764w,155
9055979w,1000
8343766w,736
9724840w,38
10300241w,183
10332177w,843
10344038w,145
10729198w,851
11812902w,924
16363476w,41
16945635w,41
17634781w,214
32148800w,41
32797097w,38
32797097w,224
32797097w,236
29070w,252
1129992w,1027
1130112w,258
16912661w,43
16963755w,41
17117964w,142
17132555w,414
19387263w,20
27969085w,142
64617320w,219
64617589w,219
1123956w,1033
1141003w,117
1256501w,794
936285w,28
1033019w,40
1353292w,189
1569783w,145
26258435w,668
29901643w,227
31271606w,227
60846866w,43
64433741w,229
3522747w,668
3845692w,155
3962347w,878
4147903w,145
4147903w,183
4361429w,711
4923872w,79
6091925w,739
6106226w,800
6106226w,804
6130080w,115
6153869w,115
6535830w,214
1453235w,711
1621046w,40
1756286w,34
2104675w,96
25998008w,794
28246887w,34
29905581w,77
33800328w,258
38153585w,408
38162559w,408
55495511w,29
56695607w,155
60346199w,145
64494878w,215
3364446w,236
3575761w,38
3678597w,36
4120596w,1028
4993586w,35
5572706w,155
55607898w,29
65465081w,96
66124383w,17
66133295w,711
66134819w,843
66134823w,843
66134821w,843
66145762w,851
66197761w,884
66311160w,884
67794917w,96
76742746w,29
87252930w,29
97378981w,668
97379507w,668
97630179w,29
97630176w,29
97631409w,29
97631426w,29
97631477w,29
99669069w,29
103813700w,17
106576599w,29
106590080w,29
106594304w,29
106599146w,29
106600473w,29
106600687w,29
106602893w,29
106603524w,29
106608817w,29
4387456w,1005
65516504w,30
65519027w,30
65519172w,30
65531544w,736
65531558w,736
65531573w,736
65531600w,419
65531632w,419
65531672w,419
65531679w,419
65531687w,419
65531689w,419
65531700w,419
65559538w,155
65562357w,739
65617155w,419
65643515w,262
65643541w,262
65643551w,262
65643569w,262
65643585w,262
65920623w,114
65944709w,948
65944804w,948
65953826w,889
65954037w,398
65954042w,398
65965346w,148
65965345w,148
65965434w,148
65967122w,148
65967121w,148
66000318w,668
66000331w,668
66000328w,668
66000334w,668
2448665w,45
2944797w,142
2945649w,45
3125051w,41
106636w,794
9757828w,29
10620357w,35
11444847w,17
14863645w,183
15477047w,801
15726428w,668
15726321w,142
15727363w,733
5117106w,29
17645099w,145
43178321w,29
43178334w,29
48733884w,17
56276755w,878
56702862w,29
56702867w,29
56762077w,29
56762101w,29
56791718w,29
56791721w,29
57305557w,29
57913794w,31
60375863w,55
63226648w,29
64399661w,142
64468649w,236
64485229w,215
64504329w,224
64523081w,214
64555782w,212
64577163w,218
64577160w,218
64577164w,218
64590519w,183
64606200w,40
64643977w,213
64682794w,31
64682820w,31
64682821w,31
275w,145
641w,38
1279597w,142
1443478w,801
2249113w,142
2328849w,55
18448486w,38
18448486w,237
19611498w,43
20474885w,43
20650612w,142
1139084w,36
1217726w,924
7343w,408
1165586w,858
1656860w,858
65643570w,262
65643576w,262
65660766w,962
65727045w,1008
65937534w,258
65937535w,258
65937533w,258
65944711w,948
65944714w,948
65944722w,948
65953934w,889
65953992w,398
65954000w,398
65954004w,398
65954010w,398
65954039w,398
65954043w,398
65964838w,148
65965316w,148
65965548w,148
65966781w,148
65966996w,29
65967123w,148
65967126w,148
65967125w,148
65967161w,148
65970893w,29
65980114w,232
65981316w,148
65998810w,668
66000297w,668
66004174w,668
66011632w,29
66023675w,794
66023691w,794
66023234w,252
66023240w,252
66041090w,29
66051680w,148
65460718w,96
65498175w,96
65498283w,96
65499203w,96
65517962w,30
65519274w,30
65531431w,298
65531453w,298
65531474w,298
65531478w,298
65531541w,736
65531561w,736
65531617w,419
65531650w,419
65531664w,419
65531677w,419
65554680w,155
65562356w,739
65643542w,262
65643596w,262
65685310w,965
65815537w,79
65921507w,912
65920621w,114
65926576w,1028
65936192w,1041
65953995w,398
65954031w,398
65954035w,398
65954038w,398
65954044w,398
65965421w,148
65965432w,148
106729782w,29
13220079w,948
15052130w,1016
15613336w,238
15728409w,142
15819677w,241
15924695w,96
16147548w,230
16912637w,142
17640714w,145
17640722w,145
17645115w,145
17645151w,145
17645195w,145
17647108w,145
17647114w,145
17663129w,145
17675549w,145
43147903w,29
66054694w,183
66054780w,183
66054786w,183
66057939w,794
66057987w,796
66057991w,796
66057602w,252
66058299w,29
66058306w,29
66062083w,29
66087931w,17
66089098w,17
66089147w,17
66089896w,17
66133756w,423
66198224w,884
66204350w,858
66207282w,878
66207386w,878
66207417w,878
66213874w,805
2727469w,846
2962473w,142
3529269w,262
3529269w,1747689
156067w,28513
156067w,212
157550w,183
156067w,131964
43148397w,29
43148439w,29
43148480w,29
43148561w,29
43149060w,29
43149083w,29
43149094w,29
43150099w,29
43152065w,29
64705367w,43
64958288w,29
65099260w,884
65114170w,800
65121255w,241
15229957w,45
15240748w,36
15613314w,96
15727490w,43
15831671w,29
16482294w,17
17125919w,148
17132416w,224
17255582w,265
17296768w,38
17993813w,148
64686737w,45
64686787w,45
64686796w,45
64699469w,43
64699534w,43
64705294w,43
64705502w,43
64705501w,43
64787667w,159
64810426w,145
64811611w,145
64811608w,145
64811615w,145
64811616w,145
64811622w,145
64811621w,145
64811626w,145
64811630w,145
64811629w,145
64811633w,145
64811652w,145
64811658w,145
64811657w,145
64811675w,145
64811696w,145
64811710w,145
64811760w,145
64811786w,145
64811788w,145
64811820w,145
64811860w,145
64811868w,145
64811912w,145
64811917w,145
64811927w,183
64819278w,145
64821766w,183
64821765w,183
64821773w,183
64822931w,142
64828711w,142
64829137w,142
64848245w,29
106655955w,29
106656138w,29
106656172w,29
106656355w,29
106656510w,29
106661851w,29
184429w,218
184534w,43
4111w,148
4187w,148
106662676w,29
106676129w,29
9705991w,29
29561578w,29
29583924w,215
29908614w,928
30250486w,29
30911567w,96
30925787w,17
31025023w,229
31841104w,229
32979674w,224
35972985w,38
42449859w,29
43083696w,29
43090285w,29
43115744w,29
43147211w,29
43147624w,29
43148385w,29
106676150w,29
1142337w,403
55264655w,117
55264655w,200464
1975533w,29
2021552w,145
2072102w,1028
45690w,854
56004w,183
36034w,148
38888w,41
131013w,41
5780w,1049
184427w,668
5513w,159
375634w,854
394443w,854
4243w,794
12501w,148
15727412w,858
15830652w,854
15830656w,30
15904183w,148
16886821w,38
16963852w,869
17155656w,399
20644172w,183
20963672w,38
15830652w,200464
13362w,38
5762117w,31
6057341w,29
10749904w,29
12125635w,790
12192954w,1028
13567081w,854
15224718w,148
15255454w,34
15728398w,954
15839097w,668
27964w,298
27985w,792
65498982w,96
65517383w,30
65531350w,414
65531415w,750
65531428w,298
65531417w,750
65531445w,298
65531467w,298
65531469w,298
65531476w,298
65531483w,298
65531542w,736
65531553w,736
65531556w,736
65531597w,419
65531615w,419
65531626w,419
65531628w,419
65531641w,419
65531653w,419
65531683w,419
65531694w,419
65562359w,739
65562360w,739
65562361w,739
106608818w,29
106612098w,29
106614027w,29
106616335w,29
106622585w,29
106634785w,29
106634854w,29
106635163w,29
106642630w,29
106655699w,29
66089882w,17
66089902w,17
66089908w,17
66089914w,17
66089912w,17
66092099w,17
66111205w,17
66111211w,17
66124378w,17
66124382w,17
66124384w,17
66132612w,819
66133761w,423
66134825w,843
66145748w,851
66145765w,851
66198228w,884
66199409w,884
66204356w,858
66207331w,878
66207355w,878
85884704w,17
97011004w,38
97361053w,668
97361413w,668
97630175w,29
97631480w,29
97631481w,29
106594302w,29
106608815w,29
106610202w,29
106614022w,29
106620815w,29
106634540w,29
106610360w,29
106613024w,29
106613049w,29
106614015w,29
106614407w,29
106620814w,29
106627451w,29
106627493w,29
106627724w,29
106650997w,29
106661840w,29
106676546w,29
106687065w,29
106690927w,29
106772392w,29
106772597w,29
43176636w,29
43176687w,29
43176909w,29
43178312w,29
62069250w,183
64758537w,159
64760209w,159
64760240w,159
64760268w,159
64761163w,159
64761221w,159
64769499w,159
64787152w,159
64787246w,159
64798093w,159
64811930w,183
64811940w,183
64811948w,183
64811967w,183
64811975w,183
64812029w,183
64812035w,183
64822259w,183
106653769w,29
106661860w,29
106675114w,29
106676161w,29
106676194w,29
106679719w,29
106681523w,29
106681526w,29
106681524w,29
106681525w,29
106685496w,29
106686026w,29
106686024w,29
106686025w,29
106686070w,29
65531404w,414
65531450w,298
65531455w,298
65531485w,298
65531494w,298
65531496w,298
65531501w,298
65531538w,736
2946w,142
106675789w,29
106675810w,29
6247w,38
43148511w,29
55074735w,96
55530176w,17
56044966w,29
56258744w,38
56259942w,29
56702859w,29
56702864w,29
56753541w,29
56762076w,29
56762081w,29
56762111w,29
64398293w,191
64399662w,142
64399660w,142
64418451w,222
64418664w,222
64533630w,159
64533630w,212
64555530w,29
64590522w,183
64618111w,219
64686805w,45
64699535w,43
64705221w,43
64810512w,145
64810755w,145
64811586w,145
39671w,145
64759140w,159
64759473w,159
64760341w,159
64798090w,159
64798098w,159
64798470w,159
64812000w,183
64812011w,183
64812021w,183
64812079w,183
64812129w,183
64812138w,183
64812160w,183
64812205w,183
64812210w,183
64812217w,183
64812220w,183
64812271w,183
64812295w,183
64812330w,183
64812350w,183
64812358w,183
64812405w,183
64812476w,183
64812489w,183
64812530w,183
64812552w,183
64812593w,183
64812693w,183
64816567w,145
64816692w,145
64816698w,145
64816697w,145
64816702w,145
64816701w,145
64830443w,142
64860985w,29
64861198w,29
64861219w,29
64987060w,29
64987078w,29
64987079w,29
64987102w,29
64987112w,29
64987127w,29
64987128w,29
64987147w,29
65007091w,232
65007107w,232
65007109w,232
65007948w,38
65010552w,38
65016566w,38
65017043w,38
65028275w,38
65028278w,38
65028375w,38
65028547w,38
65099438w,408
65099452w,408
65121471w,241
65335267w,96
64812350w,1747689
64812049w,183
64812061w,183
64812084w,183
64812146w,183
64812155w,183
64812242w,183
64812275w,183
64812290w,183
64812346w,183
64812371w,183
64812385w,183
64812423w,183
64812439w,183
64812480w,183
64812485w,183
64812505w,183
64812541w,183
64812580w,183
64812589w,183
64812602w,183
64812788w,183
64816694w,145
64816693w,145
64816706w,145
64822093w,183
64822101w,183
64822235w,183
64831173w,142
64850369w,29
64860841w,29
64957051w,29
64983846w,29
64987059w,29
64987062w,29
64987083w,29
64987091w,29
64987098w,29
64987121w,29
64987140w,29
64987145w,29
65007965w,38
65017042w,38
65028276w,38
65099447w,408
65099466w,408
65099994w,408
65100021w,408
65100032w,408
65121669w,241
65121823w,241
65122084w,241
65465034w,96
65465088w,96
65494476w,96
65494658w,96
65497485w,96
65498089w,96
29265w,145
189764w,142
106660676w,29
106660682w,29
106660855w,29
106675780w,29
106686750w,29
106715350w,29
106727292w,29
106753187w,29
106753309w,29
106755036w,29
106755215w,29
106755980w,29
106770951w,29
106770948w,29
178124w,189
180402w,30
214944w,43
215897w,38
318422w,774
328488w,974
22647w,43
272768w,1042
305044w,902
19053w,41
27356w,851
66050835w,29
66057944w,794
66057945w,794
66057984w,796
66057594w,252
66057625w,148
66057630w,155
66062086w,29
66065255w,29
66089904w,17
66092179w,17
66124375w,17
66132602w,819
66132603w,819
66132607w,819
66133766w,423
66134815w,843
66145745w,851
66198242w,884
66207258w,878
66207318w,878
66213453w,881
97630178w,29
97631479w,29
97631595w,29
106580786w,29
106581264w,29
106583260w,29
106590082w,29
106590085w,29
106594301w,29
86486w,242
99372w,31
118468w,842
2061016w,145
17645247w,145
17645260w,145
64787367w,159
64798096w,159
64811590w,145
64811591w,145
64811594w,145
64811592w,145
64811598w,145
64811606w,145
64811612w,145
64811623w,145
64811624w,145
64811635w,145
64811638w,145
64811637w,145
64811642w,145
64811641w,145
64811644w,145
64811648w,145
64811655w,145
64811664w,145
64811670w,145
64811672w,145
64811679w,145
64811694w,145
64811713w,145
64811722w,145
64811720w,145
64811736w,145
64811765w,145
64811795w,145
64811803w,145
64811808w,145
64811817w,145
64811841w,145
64811844w,145
64811899w,145
64811896w,145
64811945w,183
64811970w,183
64811993w,183
64812019w,183
64812087w,183
64812107w,183
64812104w,183
64812144w,183
64812213w,183
64812298w,183
64812308w,183
64812315w,183
64812312w,183
64812391w,183
64812420w,183
64819258w,145
64819274w,145
64821764w,183
64821768w,183
64821769w,183
64824439w,183
64824442w,183
64824468w,213
64828704w,142
64829134w,142
64829430w,142
106634515w,29
245151w,29
3201319w,17
5055467w,794
28163477w,843
61867409w,38
65944708w,948
65953849w,889
65953897w,889
65954052w,398
65965238w,148
65965322w,148
65965324w,148
65966782w,148
65967165w,148
65969274w,29
65969284w,29
66000294w,668
66000325w,668
66004181w,668
66023670w,794
66023674w,794
66054705w,183
66054735w,183
66057938w,794
66057990w,796
66057988w,796
66057047w,36
66058304w,29
65944741w,948
66057620w,148
107675480w,29
108096731w,298
108379504w,739
29384w,822
28471w,29
43277w,794
173532w,822
4513w,668
4107w,148
106824101w,29
106875127w,29
106882030w,29
192237w,1016
156011w,31
156011w,29
156011w,38
156011w,39
156011w,36
156011w,40
156011w,142
156011w,183
156011w,214
156011w,215
156011w,212
156011w,213
156011w,218
156011w,219
156011w,222
156011w,221
156011w,224
156011w,225
4516w,252
4528w,668
4521w,252
181123w,668
462702w,229
464942w,29
191763w,17
205832w,41
506511w,668
539518w,1025
564321w,1019
19833w,38
46074w,148
54898w,29
64812426w,183
64812436w,183
64812448w,183
64812457w,183
64812468w,183
64812522w,183
64812549w,183
64812623w,183
64812638w,183
64812671w,183
64816691w,145
64816696w,145
64822016w,183
64830378w,142
64830469w,142
64830490w,142
64830501w,142
64850483w,29
64850540w,29
64860994w,29
64987084w,29
64987103w,29
64987105w,29
64987124w,29
65007090w,232
65010442w,38
65011083w,38
65011756w,38
65028264w,38
65028277w,38
65028376w,38
65099422w,408
65099436w,408
65099441w,408
65099444w,408
65099460w,408
65099469w,408
65099484w,408
65100019w,408
65114438w,800
65132921w,774
65335758w,96
65460899w,96
65465058w,96
65494543w,96
65494609w,96
65498055w,96
65498879w,96
65531370w,414
65531391w,414
43014w,38
211962w,15180
211962w,159
211962w,34266
211962w,186096
23513w,881
151963w,183
155495w,159
445649w,37
457324w,974
459629w,262
705132w,43
724484w,262
736692w,45
89675w,218
163607w,424
594282w,79
606763w,794
647958w,145
75459w,41
141080w,29
158324w,183
106608819w,29
106614023w,29
47476w,29
47611w,43
126084w,801
138986w,805
270725w,159
273195w,30
134927w,148
135779w,43
120730w,17
854672w,874
854672w,1986139
42798w,252
747875w,408
799893w,902
127963w,794
131198w,408
921745w,29
938685w,954
1135808w,408
179883w,38
189934w,730
1218832w,159
1265889w,55
1265889w,183
1405154w,1019
156308w,36
156308w,183
48472w,874
61757w,28
223385w,414
207193w,27
650546w,912
685476w,183
688060w,39
1761052w,34
1969107w,1019
2707802w,38
151545w,183
155743w,36
501344w,1008
201698w,142
203241w,38
202494w,142
69307w,55
28061w,414
28416w,96
213237w,414
220289w,30
174139w,17
178835w,822
391973w,224
396132w,34
122082w,219
152225w,709
274131w,30
278512w,155
267394w,155
272771w,96
217379w,41
217452w,142
212205w,20
775154w,800
797120w,96
824602w,928
12156631w,29
12193567w,810
15278743w,833
15278712w,184
15726282w,924
15813904w,30
15924669w,43
209643w,184
212214w,38
499019w,1049
499527w,843
501153w,298
334150w,142
380470w,159
421806w,36
456817w,668
459493w,183
477051w,29
310049w,858
326951w,664
333850w,142
277531w,858
306978w,148
189648w,668
190128w,881
273834w,148
305169w,739
3888860w,819
5773394w,43
5821857w,29
7698713w,41
7769551w,17
9603543w,29
11352141w,38
159070w,801
186312w,801
3046409w,334
3076575w,863
3207298w,39
3331815w,419
3664670w,222
206236w,796
209217w,954
235004w,928
234783w,227
229610w,1049
242741w,41
263567w,183
391215w,1028
391406w,881
503828w,155
505175w,399
540964w,145
1408909w,842
1435206w,781
1614152w,35
1632877w,148
876685w,41
911953w,30
911953w,96
917369w,419
308807w,1016
324638w,17
331996w,29
650710w,750
696803w,29
636714w,241
645105w,224
729327w,218
1038473w,148
1046818w,148
1106554w,148
1280433w,36
458167w,1019
463159w,142
482423w,884
495286w,884
257598w,16
277576w,159
573209w,183
592512w,403
623978w,884
635473w,408
192243w,20
192243w,34
192243w,33
192243w,37
192243w,159
192243w,184
192243w,191
192243w,211
192243w,212
192243w,217
2521895w,155
2601433w,148
2887224w,739
2987951w,142
2990490w,155
3034552w,142
636194w,34
639217w,183
649738w,45
750675w,31
750675w,142
390028w,30
392365w,214
332800w,228
339489w,27
750248w,29
751146w,96
752318w,213
826452w,213
29583972w,38
29583979w,39
29583982w,39
29908600w,928
30074932w,17
30909107w,29
32035015w,29
32064050w,183
35430996w,38
43116068w,29
43116614w,29
43118160w,29
43147383w,29
43147412w,29
43151524w,29
914231w,55
927108w,928
854267w,36
877626w,17
903792w,96
189358w,35
510279w,39
552005w,96
575976w,145
588009w,29
589634w,36
611345w,17
20985659w,29
20985671w,29
21013554w,29
21045678w,794
21081295w,29
21619511w,142
21653863w,17
21781592w,96
22119078w,17
22343020w,29
22939873w,142
22980119w,142
25039883w,155
25238215w,39
25479438w,29
26256588w,34
26926895w,29
27044856w,155
27787520w,96
28518274w,29
28974565w,29
29167822w,225
29583897w,39
29583901w,38
29583905w,38
29583931w,142
29583949w,40
29583957w,38
644490w,183
649384w,668
681861w,414
505617w,38
552106w,45
422995w,869
461272w,38
500397w,1036
740138w,801
3181816w,148
3182054w,148
3271236w,148
3313058w,148
3320500w,148
3504601w,148
4130614w,148
874027w,17
920206w,34
750190w,813
746063w,38
828412w,218
838928w,1036
837935w,148
838085w,148
4688554w,145
17642986w,145
17645205w,145
17645274w,145
17647161w,145
17675747w,145
43164575w,29
43169149w,29
43176876w,29
43178520w,29
64798103w,711
64811599w,145
64811597w,145
64811620w,145
64811627w,145
64811628w,145
64811639w,145
64811650w,145
64811653w,145
64811661w,145
64811750w,145
64811753w,145
64811756w,145
64811775w,145
64811814w,145
64811826w,145
64811857w,145
64811886w,145
64811891w,145
64811919w,183
64811955w,183
64812055w,183
64812064w,183
64812069w,183
64812072w,183
64812092w,183
64812098w,183
64812123w,183
64812141w,183
64812175w,183
64812172w,183
64812178w,183
64812266w,183
64812325w,183
64812433w,183
64812443w,183
64812526w,183
64812538w,183
64812570w,183
487174w,38
719422w,184
726803w,191
733069w,218
741636w,804
751274w,408
753383w,233
757114w,38
1551411w,148
1982506w,41
2149114w,148
2200748w,148
587584w,145
593147w,45
629902w,148
643063w,408
1018661w,159
2893756w,31
2928960w,142
2979479w,142
3027848w,183
3049225w,39
3058143w,34
3027848w,1747689
16363487w,212
16942531w,668
18087815w,16
19407124w,225
19407156w,225
19747664w,29
20650454w,30
57072712w,414
64636277w,213
64642132w,213
64699502w,43
64746144w,159
808563w,928
839603w,736
200200w,796
390264w,419
464904w,148
775020w,159
797418w,858
814730w,836
1134454w,717
1144686w,142
1147957w,41
1186324w,28025
1186324w,17
877185w,881
882413w,183
890652w,403
938289w,843
3846809w,96
3861082w,258
3899974w,414
3921197w,55
4018530w,55
4262021w,159
4329920w,159
4416676w,159
4504757w,159
4504849w,159
4736815w,155
4817182w,155
4838578w,242
4900869w,837
4919631w,869
935426w,16
940416w,218
942422w,805
958961w,142
1061531w,717
1063133w,17
1091515w,29
842822w,227
844841w,41
679891w,1041
683110w,16
3077344w,17
3111780w,142
3128420w,39
3322194w,148
3330685w,29
3524629w,114
3531488w,854
3556184w,39
3572667w,17
3573401w,39
3696259w,668
461371w,29
107674350w,38
109123298w,38
8343767w,739
9390606w,36
10649093w,183
10769129w,881
10913999w,403
11288310w,40
10769129w,70802
1141009w,96
1144337w,148
1175856w,79
1244337w,717
697693w,183
702528w,183
705035w,17
705154w,17
733389w,38
12352436w,1028
14230458w,148
15238169w,183
15260680w,145
15278408w,1049
15933552w,408
15980181w,159
16333723w,225
16912957w,884
16912647w,214
16913154w,38
16914686w,148
17132271w,41
64705007w,43
64705254w,43
65062995w,695
66023623w,794
105973249w,1016
65531637w,419
65531667w,419
65531696w,419
65538478w,155
65643516w,262
97288567w,29
841896w,794
843147w,1009
875783w,148
910180w,148
1074330w,668
1286650w,148
12257209w,29
12283322w,219
12293430w,219
12614441w,884
12747162w,43
14223008w,1000
15958566w,1008
112132576w,298
829084w,20
844427w,668
867586w,810
15725130w,869
16363506w,41
16735627w,38
16910825w,399
16921416w,145
16946966w,822
17117941w,213
17163308w,38
17208861w,17
38167074w,408
39081159w,29
47496765w,230
1194818w,148
1203429w,17
1203756w,17
1243513w,218
973175w,17
975227w,17
1818746w,424
2233532w,142
2605019w,668
695229w,668
740104w,398
4204534w,159
5762131w,96
6744547w,258
6744547w,1013
8343756w,419
8343761w,155
12269990w,20
15107508w,34
15278460w,408
917429w,954
917195w,17
928218w,29
20492324w,29
21727670w,159
21890658w,408
22427665w,29
22960555w,142
22960755w,142
22969940w,29
22997458w,142
24199776w,96
24811859w,668
25479419w,29
27192240w,114
27832258w,29
27989168w,159
28171838w,668
28173467w,668
29583898w,39
29583976w,39
30775238w,229
30890812w,159
31082615w,225
42597079w,948
43090204w,29
958987w,29
960301w,29
975257w,142
976534w,29
984315w,858
986104w,29
4925892w,869
4943787w,258
5175125w,218
5269314w,843
5352180w,800
5371879w,148
5776828w,29
5835617w,29
5849431w,17
5909295w,29
5909702w,29
735914w,148
508634w,668
575398w,664
16256171w,423
16564811w,414
16735831w,218
16801493w,55
16892306w,878
16962666w,38
17029168w,148
17212161w,17
17586690w,29
17642650w,145
17645080w,145
18122850w,29
18222399w,38
18481466w,29
19407129w,225
19407132w,225
19608534w,29
19883347w,29
20056027w,29
5920w,183
19826w,38
19844w,38
19854w,38
19865w,38
2707216w,45
3197288w,35
18785988w,159
28827968w,142
38283757w,41
47519282w,159
47531644w,29
61122251w,214
64401449w,142
64559620w,28
1333330w,17
1503858w,928
1779992w,34
1974274w,258
1000054w,38
1018764w,41
1050324w,159
1051458w,159
1076650w,148
1133155w,29
5910248w,29
5910991w,29
5910998w,29
5911123w,29
5912508w,29
6021357w,29
6060756w,29
6076294w,96
6091346w,29
6838482w,858
6878730w,30
6925405w,148
6961477w,423
7455207w,155
6058532w,29
65519524w,30
65643514w,262
65643543w,262
65643579w,262
65643584w,262
65827845w,79
65894816w,1005
65921508w,912
65944719w,948
65953845w,889
65953991w,398
65953999w,398
65954046w,398
65954047w,398
65965433w,148
65967124w,148
65980157w,148
65981313w,148
65998811w,668
66000313w,668
66000320w,668
66023671w,794
66023672w,794
66050836w,29
66051676w,148
66051686w,148
66057934w,794
66057936w,794
66057947w,794
66057597w,252
66057637w,155
66087933w,17
66089898w,17
66108561w,17
66111213w,17
66124353w,17
66124358w,17
66124356w,17
66124371w,17
66132610w,819
66132615w,819
66133293w,711
66133764w,423
66134050w,842
66134054w,842
66134055w,842
66134818w,843
66134824w,843
66145738w,851
66145751w,851
66145755w,851
66197431w,884
66197443w,884
66197770w,884
66207409w,878
97287426w,29
97287432w,29
97631478w,29
97688671w,29
98075634w,29
106582835w,29
106583039w,29
106594051w,29
106599145w,29
106602760w,29
1292442w,33
1333799w,17
1544213w,668
1551511w,159
1571825w,15180
1571825w,232
1580915w,408
1622717w,265
1628962w,408
19164w,159
19834w,38
34102w,38
1637487w,29
1650229w,41
1739604w,142
2015257w,842
2250035w,183
2397751w,424
2592613w,212
3847588w,1028
61092w,833
980697w,17
1001352w,223
106978480w,29
107558402w,55
108040340w,145
7461w,159
10288w,41
11471921w,17
11489009w,17
11526304w,17
11680154w,29
11858823w,1028
12286590w,219
12294132w,219
12385484w,29
12598929w,884
12621501w,884
12808050w,215
13586340w,36
14547532w,39
15224654w,155
15234037w,668
15788327w,29
15950767w,142
64812606w,183
64812614w,183
64812619w,183
64812628w,183
64812676w,183
64816699w,145
64816703w,145
64816710w,145
64822107w,183
64850759w,29
64851284w,29
64860916w,29
64957752w,29
64981678w,29
64987067w,29
64987101w,29
64987120w,29
64987125w,29
64987135w,29
65011754w,38
65028370w,38
65028377w,38
65029145w,38
65099455w,408
65100027w,408
65100040w,408
65100047w,408
65131797w,774
65336432w,96
65494659w,96
65498846w,96
65498958w,96
65499860w,96
65519440w,30
65531296w,414
65531383w,414
65531387w,414
65531396w,414
65531448w,298
65531498w,298
65531606w,419
65531610w,419
65531622w,419
826551w,928
829469w,29
832278w,38
192666w,36
192666w,184
46850w,159
20970631w,29
20984986w,29
21013553w,29
21235310w,38
21639711w,159
21855839w,29
21855939w,29
22688967w,851
22997451w,142
24266864w,96
26133052w,29
26738930w,29
26874366w,29
27876724w,155
28495970w,34
28667548w,159
28690431w,17
29583881w,40
29583895w,39
29583894w,183
29583927w,183
29583925w,215
29583950w,38
29583960w,38
29583967w,39
29583975w,183
29786328w,258
29984838w,29
30329293w,29
30593786w,17
1366015w,733
1390044w,35
1395364w,869
1449217w,38
1366015w,200464
1472544w,38
1505731w,29
1539707w,96
1540402w,29
7844773w,215
7912912w,668
8348804w,29
8564779w,145
8987623w,39
9093955w,29
10395953w,155
10661422w,215
10682441w,33
10684553w,33
10856210w,17
10893414w,148
11141966w,148
11259430w,17
11275423w,17
11462859w,17
11479972w,17
11562956w,17
11682867w,29
11747061w,36
84090w,38
84090w,237
956438w,29
957628w,794
1863008w,55
1881045w,55
1884030w,31
1885375w,148
1894197w,408
1902867w,142
1971197w,31
1996107w,142
2037692w,801
18986w,43
241074w,155
748211w,213
11437550w,17
134140w,79
165414w,183
213507w,912
216862w,233
5410477w,29
16159057w,29
16159106w,29
64590253w,55
64640311w,213
16023611w,148
16092526w,884
16159066w,29
16190027w,29
16518089w,29
16612568w,38
16988075w,213
17061201w,148
17134727w,252
17209498w,17
17468047w,55
17675628w,145
18219497w,29
18481023w,155
18539090w,218
18539306w,218
18808444w,145
18811512w,55
19598169w,29
20016795w,29
20492603w,29
20687839w,148
1269931w,965
1306513w,928
1347586w,38
1362629w,17
5715w,79
106656249w,29
106662058w,29
106675881w,29
106686028w,29
500720w,298
501093w,298
500061w,148
38411w,17
46772w,142
80290w,148
178813w,1747689
4399w,794
2587975w,142
2598094w,38
2603171w,142
2677973w,31
2721458w,38
2746626w,252
175874w,29
180773w,128904
180773w,389688
82859w,805
63465w,17
210065w,796
43018w,43
1766106w,668
1765200w,29
1774129w,142
4460w,794
4531w,794
35972957w,38
38298558w,96
43082238w,29
43113954w,29
43115131w,29
43117096w,29
43151292w,29
43158372w,29
2028w,38
333984w,142
379080w,114
464936w,43
19840w,38
106762863w,29
106771257w,29
106772451w,29
106783044w,29
106786152w,29
106786705w,29
106840233w,29
106872771w,29
106872950w,29
106898202w,29
106898201w,29
106899685w,29
106916343w,29
106916911w,29
106938050w,29
106940602w,29
106940603w,29
106942586w,29
106964155w,29
106977892w,29
106978315w,29
473144w,750
484458w,889
477578w,219060
190165w,819
43128571w,29
43131035w,29
43147131w,29
43151410w,29
43152049w,29
43152720w,29
106620816w,29
106631628w,29
106634950w,29
106642435w,29
106653028w,29
106660678w,29
106665234w,29
106675651w,29
106675769w,29
106676005w,29
106685342w,29
106731858w,29
106754827w,29
106756749w,29
106757837w,29
48153w,241
61094w,17
9213w,837
206823w,142
213188w,1005
66485w,668
29223w,79
41451w,664
45957w,668
826118w,842
828125w,28
828212w,16
828212w,30
2094962w,142
2112214w,55
2194026w,142
2223706w,29
2227225w,34
2237185w,142
2383410w,96
2384313w,114
25495w,842
36160w,881
46275w,664
117623w,843
142874w,159
193989w,20
48108w,241
155414w,29
173837w,965
184284w,258
188528w,225
207870w,29
207945w,219
242711w,212
252814w,30
199234w,142
205558w,214
213439w,30
211778w,145
189657w,408
289427w,38
334217w,142
338834w,183
384463w,218
2392766w,159
2423095w,34
2470882w,29
2483434w,55
2498312w,17
2506967w,38
2561858w,794
656334w,38
662563w,36
663764w,36
664346w,39
664706w,39
695880w,183
2752664w,31
2796994w,928
2800964w,55
2887144w,948
2886966w,142
2887024w,142
2888517w,800
2893751w,31
17645057w,145
20100446w,29
43117484w,29
43147638w,29
108040854w,38
108041326w,215
108076652w,1008
231606w,29
250015w,213
250880w,40
929491w,29
962846w,41
65007945w,38
65016570w,38
65016568w,38
65028346w,38
65028374w,38
65099449w,408
65099458w,408
65099472w,408
65100043w,408
65122815w,241
65132454w,774
65133194w,774
65337340w,96
65465076w,96
65494791w,96
65498914w,96
65520095w,30
65531462w,298
65531481w,298
65531567w,736
65531565w,736
65531575w,736
65531589w,419
65531630w,419
65531643w,419
65531657w,419
65531660w,419
65531674w,419
65531685w,419
65559536w,155
257473w,17
272781w,45
2315050w,159
64758789w,159
64759155w,159
64759330w,159
64759461w,159
64759472w,159
64760186w,159
64760359w,159
64760389w,159
64761223w,159
64769498w,159
64797735w,711
64797735w,159
64798202w,159
64812009w,183
64812014w,183
64812024w,183
64812066w,183
64812101w,183
64812131w,183
64812149w,183
64812152w,183
64812169w,183
64812187w,183
64812201w,183
64812227w,183
64812224w,183
64812230w,183
64812262w,183
64812319w,183
64812342w,183
64812367w,183
64812381w,183
64812401w,183
64812410w,183
64812464w,183
64812473w,183
64812544w,183
64812576w,183
64812645w,183
64812651w,183
64812662w,183
64816700w,145
64816709w,145
64821668w,183
64830377w,142
64830383w,142
64830453w,142
64850631w,29
64850834w,29
64861226w,29
64960063w,29
64987064w,29
64987072w,29
64987085w,29
132564w,41
501126w,298
507076w,145
514069w,38
520112w,29
522862w,79
11143662w,148
106634990w,29
106635102w,29
106641994w,29
106642251w,29
106676173w,29
106731041w,29
106753306w,29
106753737w,29
106755785w,29
106770952w,29
106771182w,29
106774292w,29
106774541w,29
106775073w,29
106782834w,29
106783018w,29
106840049w,29
106872242w,29
106886064w,29
106890034w,29
222501w,142
257513w,29
277389w,224
281856w,31
302975w,38
333661w,30
43148765w,29
43148809w,29
43176844w,29
47001746w,148
47915816w,218
48815268w,17
48911227w,148
50810144w,889
55264662w,1028
55281523w,252
56702873w,29
56702878w,29
56762073w,29
56762079w,29
56762080w,29
56762110w,29
56791714w,29
56791723w,29
56791730w,29
56824907w,29
56824911w,29
56824912w,29
56824917w,29
931434w,38
106831541w,29
106839138w,29
167231w,183
176792w,668
187136w,148
107370w,189
130321w,41
712335w,804
807733w,183
58641825w,29
58889640w,17
64399663w,142
64449926w,184
64485200w,29
64485230w,215
64485228w,215
64485232w,215
64495118w,403
64520531w,20
64520670w,20
64533646w,159
64533646w,212
64559952w,28
64590476w,35
64590476w,55
64590476w,183
64606197w,40
64637410w,213
64692249w,33
64705218w,43
64705220w,43
64705295w,43
64705500w,43
64759344w,159
64760203w,159
64761112w,159
64769537w,159
64797637w,159
64809868w,145
64819261w,145
64819264w,145
64821767w,183
64821775w,183
64822164w,183
64822254w,183
64822260w,183
64824464w,213
64828708w,142
231140w,17
234600w,878
155443w,29
155587w,159
550252w,142
555083w,29
564822w,29
587371w,17
593411w,843
623807w,884
64987088w,29
64987089w,29
64987094w,29
64987110w,29
64987113w,29
64987122w,29
64987134w,29
64987143w,29
65011735w,38
65015905w,38
65028310w,38
65028373w,38
65051038w,30
65099433w,408
65100023w,408
65100030w,408
65121887w,241
65132141w,774
65337883w,96
65460598w,96
65465016w,96
65494372w,96
65494839w,96
65497402w,96
65497561w,96
65497959w,96
65498229w,96
65498308w,96
65498535w,96
65531376w,414
65531438w,298
65531421w,750
65531457w,298
65531460w,298
65531571w,736
837991w,148
841207w,41
849517w,403
208177w,34
463735w,668
464588w,183
464588w,1747689
460367w,17
64759346w,159
64760312w,159
64760338w,159
64787202w,159
64811631w,145
64811647w,145
64811651w,145
64811671w,145
64811676w,145
64811699w,145
64811726w,145
64811744w,145
64811780w,145
64811784w,145
64811805w,145
64811829w,145
64811862w,145
64811893w,145
64811914w,145
64811922w,183
64811962w,183
64811981w,183
64812006w,183
64812016w,183
64812040w,183
64812077w,183
64812089w,183
64812095w,183
64812109w,183
64812118w,183
64812157w,183
64812163w,183
64812166w,183
64812184w,183
64812247w,183
64812253w,183
64812258w,183
64812339w,183
64812375w,183
64812415w,183
64812429w,183
64812452w,183
64812460w,183
64812517w,183
64812657w,183
64816708w,145
64822096w,183
64822301w,183
64830381w,142
64850516w,29
64850723w,29
64981674w,29
64987070w,29
64987086w,29
64987099w,29
64987096w,29
64987097w,29
64987107w,29
64987104w,29
64987119w,29
64987138w,29
65531577w,419
65531580w,419
65531601w,419
65531608w,419
65531624w,419
65531655w,419
65531662w,419
65531699w,419
911970w,17
916943w,668
661752w,183
663110w,39
670092w,142
675482w,148
698448w,423
701620w,17
206219w,881
206365w,38
625586w,884
626306w,884
635199w,241
638445w,212
643026w,96
4074487w,159
4086016w,31
4124195w,159
4241666w,159
4310021w,31
4425586w,159
4783879w,668
5050352w,241
5054954w,29
5117160w,29
5156589w,43
5207638w,218
5742377w,29
5785943w,29
5812486w,29
5853068w,96
5870690w,794
384966w,38
389210w,29
1618277w,183
17663113w,145
20053321w,115
64759347w,159
64759345w,159
64759956w,159
64760162w,159
64798100w,159
64811684w,145
64811690w,145
64811703w,145
64811716w,145
64811741w,145
64811778w,145
64811851w,145
64811849w,145
64811876w,145
64811901w,145
64811909w,145
64811932w,183
64811959w,183
64811983w,183
64811991w,183
64811988w,183
64812033w,183
64812058w,183
64812075w,183
64812082w,183
64812113w,183
64812127w,183
64812136w,183
64812182w,183
64812190w,183
64812233w,183
64812280w,183
64812285w,183
64812335w,183
64812395w,183
64812501w,183
64812510w,183
64812533w,183
64812562w,183
106860601w,29
106888013w,29
106888777w,29
106900415w,29
106900416w,29
106906739w,29
106920678w,29
106957989w,29
106977839w,29
303806w,33
311341w,851
318338w,733
318338w,200464
524956w,408
525226w,183
532466w,183
555011w,29
577372w,17
532466w,1747689
733344w,408
734970w,30
739802w,218
775487w,159
2152707w,79
643715w,96
653180w,17
657882w,29
478471w,117
489260w,38
284340w,214
286426w,1049
322287w,224
13548161w,229
15135455w,39
15824602w,183
16094566w,884
16159046w,29
16190015w,29
16190022w,29
16191687w,29
16488677w,29
16564814w,414
16565564w,96
16743875w,218
16746430w,218
969047w,403
980694w,223
999109w,408
1012965w,29
17645070w,145
17645222w,145
17650782w,145
25212971w,223
25990503w,29
43148160w,29
43148799w,29
49641137w,17
50934439w,222
54820889w,29
55588235w,38
56233508w,29
106781931w,29
106839655w,29
106839937w,29
106840524w,29
106873800w,29
106874891w,29
106882028w,29
106889902w,29
607668w,912
618020w,218
631051w,29
648119w,159
649055w,142
651323w,16
1414691w,17
1436503w,183
1493439w,668
1538637w,159
1570913w,183
1579525w,399
106603794w,29
106614093w,29
106627305w,29
106627334w,29
106627478w,29
106634894w,29
106653770w,29
106899688w,29
106899689w,29
106901411w,29
106906740w,29
106908180w,29
106920052w,29
106920675w,29
106922412w,29
106925993w,29
106942646w,29
106966784w,29
106979075w,29
108017566w,40
108017566w,183
108017566w,214
108028118w,148
108028119w,148
108039398w,230
108039403w,230
108040343w,145
109892967w,858
1062150w,837
1064830w,17
1071495w,38
1075808w,96
16891784w,145
17001462w,148
17447452w,55
17510883w,145
17650694w,145
17770832w,20
18199963w,29
52063661w,30
106592095w,29
192981w,889
472588w,117
477232w,232
259336w,148
270983w,17
64606190w,40
64618642w,219
64682822w,31
64686790w,45
64686791w,45
64688323w,45
64692250w,33
64699245w,43
64705215w,43
64705217w,43
64705498w,43
64787655w,711
64810749w,145
64811595w,145
64811610w,145
64811643w,145
64811654w,145
64811663w,145
64811668w,145
64817808w,145
64817813w,145
64821779w,183
64821783w,183
64821780w,183
64829487w,142
106660680w,29
106661256w,29
106742109w,29
500718w,298
501097w,298
501110w,298
503712w,664
539730w,29
721817w,38
732723w,224
106661627w,29
1294648w,399
1303856w,38
1309708w,55
1322853w,869
1309708w,1747689
9079796w,219
9082186w,29
9187803w,36
10345245w,155
10359744w,155
10540737w,34
10661058w,29
10829227w,881
10840433w,881
11368031w,17
11378977w,17
11395081w,17
11447764w,17
11549996w,17
11678145w,17
11747195w,36
12115573w,212
12259811w,29
1144760w,408
1149782w,29
1157535w,17
1208310w,30
1351209w,17
1362222w,114
1404282w,924
22980018w,142
22997445w,142
22997450w,142
22997670w,142
23707656w,31
24138031w,29
24961740w,96
25934187w,29
27892263w,155
28173401w,668
28503398w,29
28518876w,29
28667534w,159
28682892w,17
29015225w,265
29015225w,15180
29015225w,34266
29574265w,34
29583783w,38
29583809w,38
29583851w,142
29583919w,183
29583916w,183
12266866w,29
12266864w,29
12437742w,668
12579698w,232
12583236w,423
12584985w,884
12592972w,884
12607310w,884
12615554w,884
12622333w,884
12722216w,218
13437151w,31
13437152w,31
13469680w,184
550502w,1183
3685237w,38
3748608w,1183
3895632w,38
4060347w,232
106860598w,29
106860602w,29
106869655w,29
106874889w,29
106899687w,29
106916916w,29
107892669w,148
108007062w,851
108028129w,148
108028151w,148
108037419w,230
2219451w,1005
2256022w,29
2271810w,38
2274441w,29
2309428w,39
2347510w,408
2350368w,31
2393728w,30
2441211w,31
1026982w,241
1034179w,804
1048112w,218
1049348w,142
106675712w,29
106675845w,29
106685238w,29
106715344w,29
106729809w,29
106739107w,29
106756747w,29
106766586w,29
106766595w,29
106766992w,29
106767063w,29
106767107w,29
106770949w,29
106771472w,29
106772485w,29
106774453w,29
5903143w,29
5910640w,29
5911373w,29
6062995w,800
6121546w,96
6807544w,668
6921381w,408
7005299w,668
7214285w,155
7414296w,96
7499739w,16
7678819w,668
8071250w,148
9034340w,29
1025825w,794
1072369w,686
1100749w,16
1137314w,34
651314w,219
661720w,29
686773w,183
325468w,96
985595w,159
1025339w,148
1620833w,183
1639468w,114
1763364w,298
1869866w,408
20048515w,155
20643274w,851
20650483w,884
24677919w,145
32979655w,794
48841031w,36
55739617w,38
64699201w,43
64860434w,29
2907w,750
210957w,145
213232w,96
1330981w,142
1353565w,258
1426014w,31
281844w,750
285468w,17
3301866w,262
3301928w,16
3821829w,96
3848116w,96
3848157w,45
4915544w,851
454019w,36
464899w,96
120314w,148
125445w,148
734915w,17
748894w,29
752218w,155
3051521w,148
3146149w,142
3324041w,39
3327474w,29
3327561w,29
3386955w,36
3397615w,142
3399144w,29
3529714w,17
2485097w,1019
2528092w,31
2559020w,232
2585020w,17
2598504w,148
2629538w,29
739065w,711
738582w,16
739065w,159
742362w,213
18464866w,29
18464888w,29
18464897w,29
18482682w,29
19839363w,29
19864478w,30
19871567w,408
20059158w,29
20400017w,878
20492095w,29
20492760w,29
20822568w,55
20967649w,55
20985665w,29
21235292w,38
21652666w,17
21893805w,408
22504955w,29
5047955w,45
8038519w,16
8343759w,736
8343768w,155
9643691w,77
9672205w,45
11605230w,148
1920259w,1028
1963564w,117
1983409w,29
2055623w,29
2071706w,258
2096005w,408
2105432w,1005
2119834w,1049
2125633w,668
334303w,145
338245w,215
367395w,28
65531551w,736
65531548w,736
65531582w,419
65531584w,419
106594303w,29
106685253w,29
3895463w,38
3957384w,29
4099435w,29
4128562w,159
4304424w,159
4342125w,813
4417045w,159
4504870w,15180
4504870w,159
4504870w,34266
4504956w,159
4936252w,36
4047w,148
9468w,668
32378w,948
2688899w,38
2753218w,159
2754277w,55
2843637w,29
2942289w,142
2942348w,142
2947290w,39
2963122w,39
2993117w,159
2998035w,39
3041140w,31
3079585w,142
3086365w,55
3087076w,28025
3087076w,17
2887569w,29
2899365w,29
2908783w,31
2925869w,28
2925869w,40
2935530w,29
2942319w,142
2942524w,29
2982737w,414
2985390w,668
56702876w,29
56786697w,29
56791713w,29
56791716w,29
56824910w,29
56824931w,29
56824961w,29
56824964w,29
59504286w,183
59914338w,29
60461569w,265
60845971w,1028
63241198w,29
64399664w,142
64401905w,142
64468643w,236
64473318w,215
64485231w,215
64518165w,223
64526756w,212
64533632w,159
64533632w,212
64533643w,159
64533643w,212
64559955w,28
64577166w,218
64590517w,55
64590591w,31
64590591w,55
1588443w,29
1627991w,29
1643787w,29
29583954w,183
29877009w,29
29908610w,928
30773293w,229
31025121w,229
31028244w,33
31739566w,419
35972933w,38
36150780w,1041
39090747w,241
42449871w,29
43129068w,29
43147146w,29
43147418w,29
43147553w,29
43148986w,29
3111473w,29
3111483w,29
3119914w,29
17645141w,145
17645184w,145
43148459w,29
43148470w,29
43148572w,29
43148778w,29
106888015w,29
106959690w,29
106978277w,29
107287601w,55
107892716w,148
108039402w,230
108040841w,38
108076674w,1008
113162530w,79
1945612w,183
1945612w,213
2407530w,801
2733427w,29
2845953w,1025
2916296w,1041
60977w,822
61535w,833
46313w,28
57357w,145
677447w,159
56824973w,29
61861405w,29
63872704w,29
64398333w,191
64399599w,142
64443045w,29
64450064w,184
64450698w,184
64450697w,184
64485227w,215
64520785w,20
64532571w,34
64532616w,159
64559949w,28
64559954w,28
64590521w,183
64606184w,40
64686735w,45
64686794w,45
64686793w,45
64688007w,45
64688321w,45
64699212w,43
64759234w,159
64759342w,159
64759343w,159
64760090w,159
64760342w,159
64760372w,159
1678694w,183
1714967w,35
1728464w,41
1740891w,96
1742795w,41
1818061w,29
1889313w,398
64812598w,183
64812633w,183
64812668w,183
64812684w,183
64816711w,145
64816712w,145
64830379w,142
64850279w,29
64850895w,29
64987063w,29
64987068w,29
64987092w,29
64987115w,29
65007092w,232
65007106w,232
65007959w,38
65007982w,38
65010252w,38
65011428w,38
65028465w,38
65099463w,408
65099475w,408
65100035w,408
65100038w,408
65100049w,408
65114345w,800
65156372w,965
65331250w,96
65339274w,96
65461902w,96
65465039w,96
65493544w,96
65494516w,96
65494575w,96
65497620w,96
65498998w,96
65517711w,30
65531412w,414
65531426w,298
65531435w,298
65531433w,298
65531443w,298
65531464w,298
65531472w,298
65531492w,298
43152021w,29
43152032w,29
43176609w,29
179570w,948
644288w,38
130025w,96
156093w,843
13383295w,17
15732525w,145
16324987w,223
16363480w,145
16886870w,804
16920958w,38
16946829w,230
16965955w,252
756815w,25
766270w,242
776727w,213
3635169w,668
3664901w,38
3772508w,242
3796698w,142
3860567w,38
3861452w,38
3892852w,794
3892852w,796
817250w,668
829483w,218
840462w,145
849273w,34
853265w,96
43151517w,29
43152249w,29
43176887w,29
43178279w,29
43178345w,29
46589461w,29
49505699w,96
49663210w,17
55586076w,38
56044734w,29
56190543w,29
56307516w,159
56317315w,96
56702866w,29
56702871w,29
56702868w,29
56762102w,29
56824920w,29
368346w,38
375604w,159
383659w,29
387687w,218
2459376w,148
2472393w,142
2491526w,142
2513161w,29
2694812w,55
2722506w,38
106772783w,29
106774275w,29
106774283w,29
106782885w,29
548153w,668
551959w,142
588680w,159
600062w,38
620593w,43
744552w,38
832262w,1020
501433w,298
507390w,29
515850w,55
517633w,114
542944w,38
515850w,1747689
1647616w,29
1681727w,142
1683260w,148
3321893w,148
3333420w,668
3342246w,17
3471662w,29
3540839w,884
3732061w,29
3897006w,29
3983167w,38
4061458w,159
4201793w,159
4214337w,232
4237958w,159
312118w,39
329967w,38
975568w,881
1010268w,142
1025354w,31
1026991w,241
106627423w,29
106635156w,29
106635216w,29
106639207w,29
106641881w,29
106641966w,29
106642186w,29
106660679w,29
106676217w,29
106740329w,29
106753917w,29
106754088w,29
106759854w,29
106763975w,29
7559997w,668
7590832w,224
7777497w,29
7818621w,881
8343763w,96
9186871w,36
9710075w,183
10283837w,45
10344994w,155
10508756w,35
1713486w,183
1735350w,183
1736171w,142
1785732w,668
1811200w,31
1839114w,142
1848058w,408
1850707w,31
1877576w,148
1880010w,30
1735350w,1747689
215992w,414
259313w,40
697278w,17
703480w,43
710359w,17
717842w,218
156439w,183
157886w,183
106540w,974
106540w,1036
2887041w,142
2887123w,29
65122987w,241
65455940w,96
65926560w,1028
65965285w,148
66053233w,159
97633694w,29
99237891w,155
105136101w,794
106581048w,29
106587787w,29
106590088w,29
106595800w,29
106600802w,29
106602320w,29
106614026w,29
106615201w,29
108016068w,419
108094935w,142
108304246w,35
109928815w,31
5052171w,16
5061406w,796
5142855w,29
5313281w,668
5471183w,16
5557613w,29
5613948w,155
5754016w,29
5785815w,29
5906111w,794
5910596w,29
5910716w,29
5912878w,29
5954835w,794
6018547w,96
6050194w,29
6172516w,29
6656875w,884
6763186w,884
6898311w,29
7261843w,668
7489301w,794
5790364w,29
5902611w,29
5910046w,29
5910087w,29
5910547w,29
5910632w,29
5910709w,29
5912161w,29
5917616w,29
6021380w,29
6021397w,29
6065646w,29
6122177w,837
6786247w,884
6898295w,29
7126334w,29
7461875w,889
7481171w,881
7562736w,155
868799w,414
907052w,28025
907052w,17
889902w,837
952235w,142
962131w,948
1013209w,17
1024723w,29
272968w,38
308893w,974
916230w,29
1278218w,29
1335616w,252
1340954w,843
1377456w,148
10914521w,148
11036331w,148
11052488w,148
11054608w,148
11151508w,148
11357149w,17
11376150w,17
11379141w,17
11411025w,17
11415923w,17
11428445w,17
11514205w,17
11555978w,17
11576219w,17
11637613w,17
11642740w,17
11645001w,17
11664922w,17
11681626w,148
43473w,424
5197044w,38
7126276w,38
7619083w,881
10942550w,115
11586447w,17
12287890w,219
20650127w,38
20652595w,38
20669448w,38
22687629w,851
56473964w,38
58917650w,28
114439265w,38
1137661w,1246
1136998w,213
1158530w,148
215429w,31
231699w,38
468405w,38
1026971w,241
1046891w,408
1049301w,31
1049579w,31
1072125w,17
1110926w,38
331603w,668
374365w,851
929965w,30
936884w,34
938223w,843
945913w,17
1438648w,55
1504317w,41
1519685w,39
1577600w,408
1580293w,408
1584774w,41
1630697w,29
4125922w,159
4991540w,924
4991540w,114
465960w,414
465960w,155
471717w,214
964116w,1019
1163298w,142
1163620w,41
1165327w,408
1185336w,16
1233234w,38
1258082w,41
501638w,17
573558w,1042
588417w,298
393841w,858
447441w,183
2094778w,38
2212483w,142
4580w,38
4580w,39
4580w,40
4580w,142
4580w,183
4580w,215
108040345w,145
108040840w,38
108040845w,38
108076648w,1008
52631w,29
1535245w,836
1537302w,142
1538662w,148
1542372w,241
1590899w,1005
1626365w,79
838264w,159
842328w,252
846967w,702
523026w,38
1279458w,38
1473122w,38
1768461w,38
2031943w,38
7592228w,145
7827112w,241
8187798w,45
8189796w,148
10275709w,155
10428494w,668
10487604w,34
10624826w,34
11357710w,17
11434795w,17
11436294w,17
11441985w,17
11447744w,17
93643w,17
106187w,145
16990w,38
16544603w,29
106576680w,29
106614282w,29
106614328w,29
106763948w,29
106767101w,29
106774348w,29
106774422w,29
106775712w,29
106840442w,29
106874890w,29
106882031w,29
106882029w,29
106901412w,29
106906738w,29
106916529w,29
106916913w,29
4261227w,159
4299509w,159
4410694w,212
4504891w,159
4894543w,29
5166337w,29
5350970w,30
5369516w,423
5445622w,1028
5524023w,45
5642786w,884
5717423w,29
47721w,252
51812w,38
186282w,237
205711w,159
11476069w,17
11651650w,17
11659317w,17
11681656w,29
11682913w,29
11721845w,55
11745863w,36
11957751w,20
12065255w,229
12158301w,212
12168656w,212
12257985w,29
12386327w,29
12516225w,252
64830883w,142
99020145w,31
490497w,884
495241w,884
495733w,884
385086w,229
852433w,685
873358w,148
2748597w,17
2879086w,142
2881128w,29
2884262w,29
2927805w,833
2989048w,96
3015170w,971
3079519w,142
3096875w,142
3215406w,142
3256743w,142
3311039w,31
1064331w,233
1070863w,17
1126464w,142
1130947w,29
1137953w,29
1146038w,17
7263w,252
40729w,810
43332w,38
616912w,39
622865w,28
629436w,784
767128w,794
837642w,414
943327w,232
964745w,30
1921177w,31
2065592w,298
2066497w,38
2083583w,142
2084394w,38
112738w,29
115253w,794
155188w,843
1777218w,142
1787397w,38
1787480w,38
1808591w,38
1812874w,29
1817089w,142
1721075w,858
1722579w,858
1721920w,79
1725740w,29
1736213w,142
1740567w,858
1741668w,17
15241016w,142
15935866w,148
15945389w,142
15945393w,142
15950372w,142
16031521w,38
16094363w,884
16159079w,29
16518040w,29
16735815w,218
16745669w,218
17210757w,17
17633458w,38
17662936w,145
17669775w,145
18006394w,29
18172786w,29
18649472w,38
21711238w,858
64759822w,159
1365882w,17
1400400w,40
1414019w,29
1434086w,36
1455908w,38
1474363w,962
5938w,183
29000652w,403
29000652w,224
29000652w,225
29000652w,236
52112669w,32
55312553w,183
63863168w,30
64532917w,159
64532917w,212
35584069w,219060
5903071w,29
5910070w,29
5911296w,29
5911924w,29
5942066w,794
5953871w,794
5995726w,43
6033747w,29
6102184w,29
6112670w,148
6555424w,148
7126329w,29
7144236w,837
7148813w,155
7419595w,29
7461890w,889
7494223w,668
7568810w,242
603622w,159
614212w,224
219279w,419
314730w,183
81150w,711
81150w,159
4360240w,159
4378761w,159
4504676w,159
4574494w,20
4709426w,29
5087986w,668
5117120w,29
5118024w,218
5477347w,29
5609778w,668
5641714w,242
5722042w,29
5755441w,29
5757957w,29
5758514w,96
5760923w,29
5810251w,29
2198503w,55
2202439w,183
2299393w,38
2315498w,142
2332862w,31
2368048w,711
2368048w,159
2419297w,159
2481155w,142
7818624w,423
7818931w,17
7826989w,29
7882094w,155
8023299w,408
8047910w,965
8248962w,219
8352475w,29
8987100w,39
10359742w,155
10788178w,881
10864998w,148
43176868w,29
43178356w,29
48751867w,17
49787421w,29
55616283w,843
106576692w,29
106603664w,29
106627791w,29
106634564w,29
106634733w,29
106634759w,29
106642093w,29
106650277w,29
106676066w,29
106678102w,29
106704804w,29
106729760w,29
106754261w,29
106757836w,29
10890897w,148
10918558w,148
10949515w,148
11096692w,148
11296586w,17
11357227w,17
11378467w,17
11567538w,17
11648027w,17
11650613w,17
11664537w,17
11918155w,29
12088330w,159
12120808w,15180
12120716w,159
12120808w,159
12242699w,79
12244566w,948
12258204w,29
1194252w,668
1193715w,148
1224490w,38
1318387w,117
1324513w,38
1330939w,148
1361324w,96
211252w,29
216243w,668
876451w,750
930784w,29
4010w,148
106884972w,29
106884973w,29
106886065w,29
106888007w,29
106888014w,29
3137544w,29
3138683w,39
3213480w,717
3223254w,142
3272162w,39
3290373w,38
3295780w,30
3346918w,29
3374972w,155
3407649w,41
3505461w,39
3522009w,668
64829599w,142
97641889w,29
1498242w,1019
1510389w,96
1818952w,258
1862652w,38
1897419w,43
1923610w,31
6730067w,148
6730196w,148
7751872w,17
9696155w,148
679568w,408
679114w,183
1026415w,211
1055749w,17
3391360w,155
3962345w,1049
3991738w,822
4310094w,148
12164w,29
17839w,38
45949w,424
2698156w,38
2717874w,29
2724894w,668
2858167w,29
3909051w,38
64762544w,159
64762573w,159
64787679w,711
64810747w,145
64819269w,145
64821782w,183
64822163w,183
64829135w,142
19829w,38
19846w,38
19850w,38
910189w,241
927535w,28
10810559w,881
15233334w,29
15660376w,148
15661566w,96
15813909w,183
16961872w,159
17255635w,29
17277938w,836
17494587w,928
19285921w,183
157603w,750
157603w,155
56702879w,29
56702881w,29
56762075w,29
56762112w,29
56786698w,29
56791720w,29
56791726w,29
598892w,38
665878w,45
718001w,148
742315w,155
3571711w,29
3581113w,142
3662629w,38
65559517w,155
65643600w,262
65643607w,262
65685311w,965
65827938w,79
65894506w,1005
65921574w,1025
65921575w,1025
65920625w,114
65923223w,17
65944718w,948
65944810w,948
65953830w,889
65953996w,398
65954003w,398
65954009w,398
65954034w,398
65954032w,398
65954036w,398
65954041w,398
65954048w,398
65965547w,148
65966771w,148
65980441w,148
66000301w,668
66000307w,668
66011647w,29
66057935w,794
66057603w,252
66057600w,252
118434w,29
122225w,884
179506w,739
188694w,222
754791w,1030
833781w,142
838256w,15180
838256w,159
838256w,34266
838256w,186096
7505w,159
4570262w,148
4579079w,148
4587786w,148
4920250w,148
5582862w,419
1982368w,408
1992190w,212
2031664w,38
2059598w,159
2114759w,183
2160663w,29
2197993w,928
540237w,145
593870w,159
499552w,148
508040w,945
12262837w,29
12295048w,219
12390602w,29
12595557w,884
12724133w,218
12881190w,229
12946982w,837
13116281w,668
14545548w,39
15100730w,55
15108724w,668
389269w,142
457304w,974
499517w,810
39231w,17
1343339w,657
1778266w,142
2274974w,794
2468771w,79
2603196w,739
106622545w,29
106627225w,29
106627401w,29
106634835w,29
106635209w,29
106641947w,29
106642141w,29
106649393w,29
106655702w,29
106686775w,29
106753307w,29
106755612w,29
106756751w,29
106759687w,29
106763974w,29
106766594w,29
106767090w,29
106771502w,29
66057943w,794
66057992w,796
66058300w,29
66089879w,17
66089906w,17
66111215w,17
66124367w,17
66124365w,17
66124380w,17
66124381w,17
66132609w,819
66132613w,819
66133758w,423
66133763w,423
66133772w,423
66133964w,842
66134053w,842
66145758w,851
66145797w,851
66197765w,884
66207286w,878
66207325w,878
66814065w,45
97353441w,668
97630210w,29
100329356w,796
106581046w,29
106592096w,29
106594054w,29
106594052w,29
106594820w,29
106602318w,29
106602719w,29
106610204w,29
106614024w,29
106614025w,29
56824962w,29
59537217w,29
61055538w,842
64152043w,29
64485181w,29
64485226w,215
64520671w,20
64520669w,20
64532617w,159
64533634w,159
64533634w,212
64590518w,55
64590524w,35
64686736w,45
64686789w,45
64686803w,45
64688322w,45
64705216w,43
64705293w,43
64810759w,145
64811589w,145
64811613w,145
64811617w,145
64821776w,183
64824447w,183
64824456w,213
64824461w,213
64828706w,142
64828707w,142
64828710w,142
64829483w,142
4176w,183
6762281w,884
6976461w,34
7069686w,408
7587704w,145
7800231w,148
7818615w,881
8048278w,17
8203738w,29
8987086w,39
8987580w,39
9007668w,29
9034981w,29
9059484w,29
9068219w,219
10344996w,155
10345027w,155
45865w,884
948975w,298
948975w,414
948975w,419
948975w,739
948975w,736
948975w,750
11746661w,36
12013408w,31
12168573w,212
12264881w,29
12290096w,219
12397290w,29
12443091w,668
12589757w,884
12593183w,884
12599700w,884
12614438w,884
13511216w,252
13537132w,212
14545501w,39
15522768w,29
15728389w,29
55619850w,414
55619850w,668
55619850w,17
55619850w,31
55619850w,39
55619850w,142
55619850w,183
177549w,858
18785541w,142
19406822w,39
43147883w,29
43148120w,29
43176616w,29
43176651w,29
64699247w,43
106590086w,29
106637537w,29
50711w,183
61089w,833
5994983w,414
7293002w,668
10293286w,38
10444176w,142
10532185w,34
10532185w,33
4492013w,159
5522381w,148
5597433w,668
5794156w,29
5909860w,29
5911138w,29
5937813w,794
5959353w,794
6021321w,29
6021763w,43
6102071w,29
6378115w,96
6549934w,408
6559265w,794
1728322w,79
65617154w,419
65643540w,262
65643603w,262
65643679w,262
65648486w,30
65660767w,962
65921506w,912
65920624w,114
65937532w,258
65937872w,1049
65944713w,948
65944720w,948
65944812w,948
65953993w,398
65954006w,398
65954040w,398
65954049w,398
65965323w,148
65966790w,148
65980283w,232
65998127w,668
66000304w,668
66004175w,668
66011634w,29
66011645w,29
66011649w,29
66023239w,252
66054740w,183
66057595w,252
106615187w,29
106627436w,29
66545466w,252
66582204w,252
107694185w,230
26721344w,77
32904732w,223
42725548w,902
47800464w,1032
55306582w,884
55523908w,142
64176391w,25279
64596229w,40
64955212w,29
65016468w,38
65685157w,965
48605w,811
17722w,31
18353w,38
284817w,1013
3116466w,39
3156096w,252
3279767w,142
3320252w,29
3320377w,159
3328236w,39
3328247w,39
3364599w,159
3372384w,148
3390174w,29
3396831w,142
3397393w,142
3398340w,29
3431966w,183
3477679w,39
3531702w,29
3533131w,854
3896981w,29
4228743w,159
4241648w,159
4241648w,34266
4261794w,36
4271072w,159
4334119w,159
4359569w,159
4456495w,159
4469611w,212
79395074w,219060
64861487w,29
65961372w,148
66056891w,36
96098109w,148
106762537w,227
107715736w,884
116448209w,822
9007153w,29
9187387w,212
9187742w,36
9386781w,36
10345249w,155
10724627w,211
11370708w,17
21468226w,159
109929238w,31
71229w,148
19868w,38
23048w,183
32434w,794
31416w,159
215003w,45
66057941w,794
66057946w,794
66057981w,796
66057985w,796
66064557w,29
66064563w,29
66087932w,17
66092176w,17
66111203w,17
66111209w,17
66124362w,17
66124385w,17
66132601w,819
66132608w,819
66132614w,819
66133228w,833
66133294w,711
66133770w,423
66133769w,423
66134051w,842
66197435w,884
66210484w,265
66311154w,884
66438860w,29
97356733w,668
97377968w,668
106580785w,29
106590081w,29
106590084w,29
106599393w,29
106602678w,29
106603187w,29
106610203w,29
10500933w,34
10878885w,148
10889854w,17
10943106w,17
10948766w,148
11070959w,148
11359978w,17
11410610w,17
11429120w,17
11553669w,17
11669662w,17
11680575w,30
11682361w,29
11699077w,29
19838w,38
19856w,38
45178w,408
44615w,148
1075681w,218
1121835w,55
1165562w,691
1294802w,858
106766596w,29
106772377w,29
106775660w,29
106781978w,29
106782969w,29
106783074w,29
106861898w,29
106901418w,29
106916341w,29
106916414w,29
106922411w,29
106924084w,29
106925995w,29
108006749w,851
108007075w,851
108040342w,145
108097006w,298
205131w,148
15822252w,183
15945427w,142
16190018w,29
16749640w,218
16891508w,668
17134054w,258
17650705w,145
17781581w,142
19407134w,225
19694104w,29
19913402w,29
20042067w,17
20045209w,17
20053510w,29
20083782w,142
20246727w,96
21293199w,142
21515108w,96
21653043w,17
21653676w,17
12842301w,227
97227420w,227
106614219w,29
106614367w,29
106614406w,29
106627360w,29
106634877w,29
106666281w,29
106727293w,29
106752858w,29
106759343w,29
106759499w,29
106760443w,29
60356947w,215
63614908w,115
64151816w,29
64401614w,142
64462252w,37
64462276w,37
64462277w,37
64485201w,29
64495121w,403
64520529w,20
64526754w,212
64526758w,212
64533640w,159
64533640w,212
64559951w,28
64559956w,28
64590523w,35
64686795w,45
64686800w,45
64705203w,43
64797636w,159
64810761w,145
64811593w,145
64811607w,145
64811609w,145
64811614w,145
64811625w,145
64811634w,145
495266w,884
500215w,298
501103w,298
505574w,38
15221022w,38
15623665w,38
15965460w,29
16522830w,750
16913064w,38
17132483w,224
17374397w,183
20643889w,20
148083w,15180
148083w,159
148083w,34266
17645160w,145
17650686w,145
17663121w,145
43117936w,29
43131148w,29
43148074w,29
43148790w,29
43148814w,29
43149126w,29
43150756w,29
43151479w,29
106594050w,29
21855817w,29
22980118w,142
24503389w,96
25475308w,29
25475470w,29
25999281w,29
26155340w,29
26156625w,29
26258009w,38
27123972w,29
28035249w,668
28220815w,155
28379793w,34
29583906w,183
29583940w,142
29583944w,183
29583970w,183
31024939w,229
31281632w,29
37636297w,869
38253663w,142
42449594w,29
42673362w,29
43090271w,29
201469w,30
168518w,796
2620036w,419
2789507w,142
2904503w,34
2962401w,38
2962401w,39
205136w,29
331409w,142
334406w,142
335618w,17
430626w,17
43176586w,29
49646126w,17
53556453w,229
55659000w,159
55758932w,29
55773615w,29
56275601w,878
56546092w,142
56702863w,29
56753548w,29
56762098w,29
56762097w,29
56762100w,29
56824947w,29
59537317w,29
632003w,29
646564w,29
660758w,38
814907w,148
816437w,145
821860w,29
751077w,750
752505w,38
770459w,142
770666w,29
726863w,962
726863w,965
726863w,1032
307268w,805
319841w,79
251999w,408
251873w,183
255079w,30
516770w,183
534596w,801
11407776w,17
11423449w,17
11467749w,17
11487395w,17
11489085w,17
11523143w,17
11544148w,17
11689669w,212
11945001w,29
12242839w,79
12264649w,29
12555944w,813
12583238w,423
12584692w,884
14401911w,29
14753174w,212
15268437w,155
15726137w,423
583589w,17
700448w,17
776113w,29
181007w,43
200693w,213
212773w,774
212867w,29
1135796w,408
491454w,884
508866w,17
519907w,183
530208w,183
550346w,159
555360w,1028
219898w,225
220951w,159
295408w,403
316137w,183
318196w,183
327940w,29
318196w,1747689
538061w,948
584285w,55
616578w,159
625744w,884
631128w,16
584285w,1747689
839048w,148
839456w,79
855003w,55
940746w,142
986750w,17
1013353w,29
387517w,38
463179w,30
847628w,142
917814w,403
798018w,29
815443w,31
817274w,262
837285w,31
474982w,183
478258w,38
20655875w,148
20714332w,30
20984985w,29
20985663w,29
20985667w,29
21077208w,79
22667662w,29
22712523w,29
22939546w,142
22997374w,142
22997449w,142
25453605w,33
26272095w,241
26477027w,96
27004540w,29
27702994w,711
28682698w,17
28844272w,148
29583903w,39
29583900w,142
29583914w,39
29583959w,39
64577165w,218
65007954w,38
106581047w,29
106592097w,29
1539949w,29
1573530w,408
1584958w,408
1589509w,29
1648266w,668
1746901w,183
1746901w,1747689
221716w,17
1013399w,17
1015194w,424
1028566w,252
1046403w,17
1047061w,148
597051w,29
608580w,265
613720w,843
1234019w,148
1241298w,38
1246842w,29
15916405w,148
16190020w,29
16449586w,29
16638480w,96
17029338w,218
17347087w,39
17986288w,30
18540850w,218
18775974w,55
18991024w,17
19407127w,225
19852577w,148
20043361w,17
20052787w,29
20534933w,29
20645774w,794
505935w,145
507282w,29
1062357w,419
1075172w,218
1086358w,31
500226w,298
500764w,298
500444w,41
513893w,29
458821w,183
463874w,668
477898w,794
477251w,183
20717679w,39
20901153w,29
21013568w,29
21081307w,29
21963503w,142
22666758w,29
22674807w,142
22829854w,29
22932202w,142
24058712w,29
24082981w,766
24931501w,159
25394840w,159
361060w,29
384813w,41
640870w,214
641741w,183
663836w,183
665154w,29
669194w,29
735278w,213
1759226w,17
1764282w,813
1787362w,38
1816823w,142
1861129w,252
867537w,148
876691w,40
893407w,408
923921w,801
924769w,55
584366w,233
1868633w,38
1881679w,31
1951559w,230
1984155w,29
2036701w,414
387097w,29
392215w,142
392877w,155
432483w,96
15954398w,29
16511573w,881
16552501w,29
16677650w,229
16915942w,29
17498501w,148
17587697w,29
18464907w,29
18482716w,29
18712797w,38
18915139w,79
19753095w,142
19829180w,142
19844597w,29
19883383w,29
664376w,39
679173w,183
684811w,218
711386w,148
740076w,41
451698w,79
457453w,213
464566w,145
555427w,142
562529w,884
573975w,183
576339w,29
7865260w,145
9850285w,155
10351991w,38
11257230w,45
12012965w,55
15602246w,38
15604681w,858
15604441w,38
16434635w,265
16434635w,232
336354w,214
338889w,227
106833525w,29
106840443w,29
106860599w,29
106862234w,29
106874888w,29
106888011w,29
106938022w,29
1903w,38
106661857w,29
106675111w,29
106675115w,29
106675112w,29
106675116w,29
106675970w,29
106675971w,29
106675969w,29
106675972w,29
106676160w,29
106676230w,29
106680016w,29
11747186w,36
12012848w,55
12013371w,31
12217059w,1049
12390601w,29
12584758w,884
12608241w,884
12731246w,218
14468710w,29
14754967w,20
15274875w,29
15465087w,159
15623656w,148
15726304w,801
56824948w,29
59521226w,29
61119396w,214
62018908w,878
64152097w,29
64418433w,222
64450694w,184
64468766w,236
64485088w,215
64526926w,212
64533637w,159
64533637w,212
64590520w,183
64618280w,219
64682823w,31
64686788w,45
64686798w,45
64686797w,45
64686804w,45
64699411w,43
64705219w,43
64746361w,159
64787482w,159
64787575w,159
64809869w,145
64809999w,145
64810745w,145
64811582w,145
64811603w,145
64811600w,145
64811605w,145
64811619w,145
64811632w,145
64811646w,145
64811656w,145
64811662w,145
64811660w,145
64811674w,145
64811673w,145
64811729w,145
64811762w,145
64811768w,145
64811792w,145
64811800w,145
64811823w,145
64811870w,145
64811874w,145
64811889w,145
64811907w,145
64811937w,183
64811957w,183
64811965w,183
64811979w,183
64811985w,183
64811995w,183
64819193w,145
19830w,38
19851w,38
28769w,148
478417w,38
480763w,142
484931w,884
1015090w,183
1053880w,114
1076391w,29
2362998w,55
2391905w,142
1015090w,1747689
107783704w,55
108028145w,148
108040853w,38
108097007w,298
536682w,29
547375w,657
551256w,183
4008w,148
1254826w,117
1256487w,38
34123w,38
41135w,148
17768w,38
19824w,38
5901w,31
13674w,38
605897w,668
607045w,668
624128w,884
623448w,29
625663w,884
639193w,258
638250w,142
1104231w,408
1105244w,408
1132299w,858
1145547w,96
1150800w,29
849318w,96
1010335w,711
1077596w,1020
2470834w,786
2710055w,142
2840764w,96
2860218w,805
1261870w,878
1262976w,38
1427246w,117
1432983w,159
1473630w,148
1476235w,17
64812198w,183
64812207w,183
64812238w,183
64812302w,183
64812354w,183
64812362w,183
64812513w,183
64812558w,183
64812567w,183
64812583w,183
64812666w,183
64812679w,183
64816707w,145
64816705w,145
64821763w,183
64821770w,183
64821772w,183
64821777w,183
64822253w,183
64828687w,142
64829417w,142
64829521w,142
64830380w,142
64848313w,29
64861223w,29
64862187w,29
64862527w,29
64957747w,29
64987075w,29
64987077w,29
64987108w,29
64987117w,29
64987131w,29
64987129w,29
64987141w,29
65099480w,408
65100016w,408
65121603w,241
65132029w,774
65132707w,774
65334605w,96
65460837w,96
65492907w,96
65494311w,96
115139w,794
122281w,142
152339w,183
60945w,822
57951w,183
43148065w,29
43148415w,29
43148508w,29
43148957w,29
43149104w,29
55369197w,38
64759249w,159
64759474w,159
64759920w,159
64760000w,159
64760340w,159
64787245w,159
64798105w,711
64811640w,145
64811649w,145
64811677w,145
64811687w,145
64811706w,145
64811732w,145
64811739w,145
64811771w,145
64811797w,145
64811846w,145
64811904w,145
64811925w,183
64811934w,183
64811943w,183
64811951w,183
64811972w,183
64812004w,183
64812027w,183
64812038w,183
64812043w,183
64812046w,183
64812052w,183
64812115w,183
64812120w,183
64812134w,183
64812195w,183
64812193w,183
17645232w,145
49641014w,17
52601407w,29
55231370w,29
56358614w,794
56429889w,29
56702860w,29
56702861w,29
56762074w,29
56762078w,29
56762099w,29
56791731w,29
56791728w,29
65494394w,96
65496835w,96
65497597w,96
65498521w,96
65519107w,30
65531239w,414
65531400w,414
65531407w,414
65531424w,298
65531440w,298
25475755w,29
25931399w,668
26883023w,29
29575881w,38
29583911w,39
29583908w,142
29583963w,183
29583980w,39
29908605w,928
31279509w,805
35973050w,38
43082214w,29
43147139w,29
43147311w,29
43147468w,29
43147765w,29
16434635w,813
17163322w,38
17277933w,813
17277933w,148
17277933w,232
17304996w,712
2046262w,148
2067282w,29
2089258w,55
2117586w,29
2147036w,730
2146288w,96
618394w,148
618495w,43
624623w,884
624623w,18097
1165035w,159
1193122w,148
1202871w,17
1522939w,408
1559411w,403
1568660w,41
1621200w,159
22939949w,142
22997377w,142
22998467w,142
24087733w,29
25377043w,1008
25378145w,884
25414759w,96
28149649w,155
28670361w,38
28682780w,17
29583889w,40
29583920w,38
29583952w,40
29583956w,183
29583966w,183
29583969w,183
29583973w,183
30028107w,148
31024834w,229
38253159w,142
39258498w,29
39258498w,45
41679828w,96
42524888w,29
43074263w,29
43084257w,29
43094155w,29
1478558w,145
1494461w,142
1505447w,34
1522451w,96
2143101w,750
2149036w,801
2157178w,159
2167520w,265
2166734w,55
2177952w,858
2191998w,213
822842w,810
838920w,145
66132604w,819
66132605w,819
66132611w,819
66133226w,833
66133767w,423
66134639w,843
66134817w,843
66134822w,843
66145742w,851
66145781w,851
66197439w,884
66198233w,884
66204303w,858
66311161w,884
97288337w,29
97630177w,29
97631025w,29
106580787w,29
106582909w,29
106594053w,29
106594305w,29
106594703w,29
106595076w,29
106602216w,29
106602317w,29
106603188w,29
106603203w,29
106603495w,29
106608816w,29
106614408w,29
106615175w,29
106616435w,29
106616738w,29
106627435w,29
106627450w,29
106627452w,29
1354033w,29
1354756w,38
1384443w,142
1419214w,96
211585w,17
172125w,142
500796w,298
500808w,298
501072w,298
529923w,43
3238270w,16
3287362w,142
3485434w,148
3678423w,38
3848089w,96
5276996w,398
5965459w,881
6547997w,794
1668684w,183
1741475w,924
1760360w,1049
65970875w,29
65981310w,148
65998115w,668
66023232w,252
66054700w,183
66054777w,183
66054790w,183
66054796w,183
66057948w,794
66057983w,796
66057993w,796
66057049w,36
66057053w,36
66057598w,252
66058297w,29
66058302w,29
66076021w,29
66084422w,29
66088085w,17
66124373w,17
66132600w,819
1630245w,854
1644597w,38
1646999w,29
284125w,183
338716w,159
343053w,233
2179025w,55
2202410w,31
2248633w,399
2254455w,31
2271780w,38
2295070w,31
2301527w,924
232771w,148
259173w,145
272932w,43
2308778w,159
2311719w,55
14690w,159
15339w,159
106632478w,29
106632479w,29
106635144w,29
109896173w,858
110619451w,858
111318002w,29
203797w,40
206234w,142
206258w,29
185156w,241
199618w,30
1136251w,258
1246833w,183
1501940w,29
1501940w,1747689
18481471w,29
18482667w,29
18923032w,55
19407128w,225
19407138w,225
19407154w,225
19844626w,29
20012709w,39
20053511w,29
20207875w,17
20492232w,29
20492640w,29
20637540w,17
20984984w,29
20985661w,29
20985669w,29
21641475w,159
21653164w,17
21653806w,17
22669854w,159
22936823w,142
656738w,142
672456w,233
680065w,869
680292w,29
1438468w,1005
1448870w,38
1467901w,252
1511531w,843
1516753w,17
41455w,664
46650w,408
15229898w,45
15278644w,912
15633188w,159
16333721w,298
16489697w,29
16518820w,29
16552283w,29
16574070w,38
16744235w,218
16796158w,29
17226685w,17
17650485w,145
17675760w,145
18110177w,148
18142167w,884
18145756w,29
18481292w,29
808934w,408
835315w,183
844417w,924
835315w,1747689
489229w,884
3825559w,38
4065167w,159
4070581w,218
4143781w,212
4228425w,159
26267357w,1049
65531591w,419
65531613w,419
65531619w,419
65531634w,419
65531638w,419
65531645w,419
65531681w,419
65531692w,419
65559537w,155
65617157w,419
65643572w,262
65643583w,262
65643588w,262
65643599w,262
65643680w,262
65832535w,79
65920626w,114
108076655w,1008
109717512w,858
109892063w,858
43147152w,29
43147160w,29
43147287w,29
43147347w,29
43147631w,29
43149071w,29
61115366w,224
106595017w,29
2992054w,39
3108848w,39
3324044w,39
3505818w,39
3581829w,142
3585406w,29
3585745w,159
3695769w,668
3774528w,29
208379w,23792
5735400w,794
64819281w,145
64821771w,183
64821778w,183
64822252w,183
64823003w,183
64824434w,183
64824453w,213
64825462w,183
64828705w,142
64828709w,142
64829589w,142
64832437w,142
65531487w,298
65531490w,298
65531563w,736
65531594w,419
65531604w,419
65531648w,419
65531670w,419
65562358w,739
65617103w,419
65643552w,262
65643568w,262
65643592w,262
65921576w,1025
65920620w,114
65920627w,114
65920628w,114
65953935w,889
65953936w,889
65953994w,398
65954005w,398
65954050w,398
65954051w,398
65965423w,148
65966784w,148
65966995w,29
65967162w,148
602572w,142
611070w,218
616757w,96
619742w,794
625330w,884
19852428w,148
20650698w,142
23818211w,145
24434043w,148
28833066w,16
18031707w,219060
2340680w,31
2378783w,159
2402686w,233
2520725w,142
2546376w,38
2585609w,159
2612448w,31
2752519w,31
2884459w,96
2887007w,142
2889253w,29
2901819w,39
2945654w,142
2984058w,29
769555w,55
790099w,424
821621w,29
830054w,212
2229969w,142
2243021w,213
66080814w,29
66087934w,17
66089900w,17
66089910w,17
66092178w,17
66092177w,17
66124363w,17
66124366w,17
66124374w,17
66133227w,833
66134031w,842
66145768w,851
66197428w,884
66198237w,884
66213344w,881
97288841w,29
97359098w,668
97631410w,29
103810663w,17
2052044w,38
65921577w,1025
65924964w,1028
65926578w,1028
65926581w,1028
65936194w,1041
65936193w,1041
65937476w,258
65937857w,1049
65944715w,948
65953998w,398
65954002w,398
65954001w,398
65954007w,398
65954033w,398
65965430w,148
65966770w,148
65970866w,29
65998155w,668
65998809w,668
66004184w,668
66023673w,794
66023233w,252
66051672w,148
66054714w,183
66054725w,183
66057937w,794
66057942w,794
66057940w,794
66057986w,796
66057989w,796
66057599w,252
66057596w,252
66057622w,148
66065252w,29
643631w,145
106922413w,29
844875w,241
845924w,15180
845924w,159
845924w,34266
2198662w,252
2278207w,96
2295734w,159
2312403w,30
2326418w,40
2326743w,17
2338956w,17
959026w,29
991637w,233
1006702w,183
1036938w,17
1046294w,232
1787344w,38
1796353w,229
1815584w,1009
1822057w,29
1904497w,183
1953791w,55
1972371w,159
1975614w,399
2341843w,31
2346055w,191
2372329w,142
2445825w,159
2486782w,223
2562112w,258
2671145w,31
473472w,17
478784w,117
483295w,884
498261w,29
12529433w,232
12632074w,224
12722321w,218
12723948w,218
12805317w,215
12907852w,236
54948065w,45
55249696w,183
61120261w,214
64677110w,213
64808630w,159
107719670w,145
551347w,183
555702w,29
568461w,148
582922w,1008
423654w,869
432124w,17
380384w,837
386420w,869
413452w,813
2760489w,414
2893739w,142
2894013w,39
2942708w,29
2942804w,29
2948721w,31
2963123w,39
2972673w,29
2974392w,142
2993079w,29
3056346w,252
710524w,423
723019w,183
723019w,1747689
1165566w,241
1180030w,258
1187278w,17
1203099w,17
842826w,794
2071200w,1019
2092494w,414
2100704w,142
2112447w,142
2126111w,31
1183360w,858
1246283w,668
1258865w,38
1328958w,43
1360751w,408
744455w,29
745359w,38
746773w,750
750251w,155
5671143w,96
5748359w,29
5769353w,29
5785826w,29
5847577w,29
5853681w,96
5910667w,29
5912026w,29
5912070w,29
6023312w,29
6032913w,29
6450569w,794
6538229w,29
6870388w,36
6873175w,884
6985710w,948
7082047w,17
7171560w,668
7376933w,217
7414653w,29
7451561w,884
1048381w,148
1095657w,96
1104673w,213
1147877w,218
3079841w,29
3079849w,29
3080218w,17
3089169w,408
3115300w,39
3157050w,36
3179279w,17
3233690w,142
3286060w,142
3323258w,142
3364404w,96
3396776w,142
3437182w,668
719690w,218
730019w,41
738794w,38
663436w,39
679979w,230
681029w,39
695166w,884
701847w,17
1998460w,117
2000094w,31
2068929w,96
106839028w,29
106861824w,29
106872241w,29
106899691w,29
848793w,148
849508w,114
2273958w,183
2311205w,1008
2310368w,142
2310816w,142
2329350w,142
2388373w,142
2390081w,252
2391522w,801
1049143w,29
1049270w,29
1053521w,29
1053962w,28025
1053962w,17
1112125w,858
1116933w,1019
1571159w,836
1585258w,183
1609022w,29
1614748w,29
1585258w,1747689
1151821w,17
1241285w,33
1258473w,159
7643009w,155
9004968w,29
9007519w,29
9097441w,29
9187655w,36
9187810w,36
10283905w,45
10332511w,155
10344986w,155
10512403w,34
10682071w,211
10788196w,881
3471746w,29
3581831w,142
3585253w,142
3593036w,664
3813716w,29
3896939w,29
3936889w,668
4022355w,851
4082597w,159
4190958w,159
2299483w,38
2302162w,15180
2302162w,232
2302162w,34266
4246014w,232
4337736w,159
4397707w,159
4828216w,142
4920688w,148
4955532w,668
5054949w,29
5117082w,29
5117169w,29
5192604w,96
5319674w,219
5366860w,17
5371873w,423
5443696w,408
5637120w,29
704665w,183
833416w,218
852429w,148
106916523w,29
106977912w,29
107509137w,142
108006770w,851
108007050w,851
108028141w,148
108028146w,148
108028147w,148
108040339w,145
1267419w,183
1309771w,252
1324562w,148
1267419w,1747689
2423898w,399
2452386w,142
2524402w,212
2551859w,29
2556527w,183
2564175w,38
2660144w,17
2705507w,38
2718415w,965
859735w,38
909889w,38
914225w,145
914743w,142
775457w,31
786814w,30
791665w,801
797147w,804
798826w,148
2586986w,55
2636724w,30
2660525w,928
2660096w,55
2722026w,38
2722437w,38
2744060w,258
746333w,29
753891w,96
2742228w,31
2820817w,142
2942496w,29
2945651w,804
2946551w,1041
2971102w,142
2974657w,142
3066576w,1028
3079437w,142
3121589w,29
3133545w,17
3133545w,28025
3197197w,17
3298793w,29
3344274w,39
3364411w,929
3364170w,159
3542515w,39
3560000w,39
3574169w,39
3581858w,142
3634368w,668
3737552w,20
3754535w,29
890651w,114
891068w,31
902329w,41
953919w,29
854989w,843
869275w,17
869453w,218
877381w,148
1415856w,794
1424316w,1049
1433981w,183
1456840w,36
1487492w,142
1504607w,41
3756728w,29
3776436w,29
3825847w,38
3867341w,38
3936580w,38
4228740w,159
4268096w,159
4297664w,159
4336883w,159
4348414w,159
4390628w,212
4397709w,159
4417968w,159
4450521w,159
4492012w,159
5117170w,29
5175126w,218
5400383w,29
1380559w,114
1422898w,811
1431547w,142
1478407w,38
949388w,225
954593w,117
977148w,29
981723w,142
995023w,142
1013468w,43
1519034w,159
1544323w,408
1680814w,30
1742784w,41
1746897w,183
1807728w,805
1818182w,31
1746897w,1747689
5600169w,148
5637356w,29
5697252w,96
5770224w,29
5785979w,29
5848754w,414
5873060w,55
5911720w,29
5911879w,29
5912004w,29
5912050w,29
5948387w,29
6025789w,43
6032832w,29
6065681w,29
6165262w,668
6553852w,148
6809163w,668
7077228w,17
1139609w,38
1152972w,230
1157141w,148
1165197w,148
10943140w,17
10953737w,29
11077815w,148
11087935w,148
11091804w,148
11253145w,423
1647575w,29
1734810w,142
1740560w,227
1746863w,183
1757628w,241
1789960w,159
2793194w,142
2851094w,142
2886910w,142
2894392w,29
2896261w,17
2906374w,31
2942729w,29
2943310w,17
2972533w,159
7194595w,16
7219765w,884
7361967w,29
7481070w,881
7963249w,41
8343028w,242
116505071w,159
1964607w,15180
1964607w,159
1964607w,34266
1968746w,1019
1971013w,183
2005868w,31
2018241w,31
2031208w,750
2094477w,159
2115058w,38
2119839w,1049
2144588w,30
2199749w,55
2249567w,183
2983524w,39
2994323w,159
3056759w,29
3108515w,145
106936971w,29
106963996w,29
106965283w,29
1809766w,142
1823915w,31
1880328w,55
1915216w,41
1916655w,34
2095735w,408
2136628w,858
2139666w,117
2145005w,41
2211082w,38
2220193w,399
2272836w,142
2315459w,142
108039400w,230
108039401w,230
108040344w,145
108040846w,38
108040852w,38
2336343w,31
2348655w,96
2392816w,31
2445843w,774
2471589w,17
2487302w,155
2513127w,29
2513170w,29
2547508w,29
2570888w,869
2580451w,929
2580451w,971
2580451w,1009
