p_id,c_id
65096742w,408w
65130425w,774w
66057913w,794w
107183452w,115w
64763166w,159w
98769058w,1005w
98769058w,1041w
107482578w,1008w
65621655w,717w
5699w,796w
5725w,843w
1070w,668w
4519w,794w
4523w,794w
351w,30w
4522w,252w
4520w,252w
20963673w,43w
22026170w,399w
25379596w,962w
25379596w,965w
25379596w,1032w
25933006w,796w
52284968w,948w
64787456w,711w
64787456w,159w
8399w,142w
5908w,183w
9427w,912w
5859w,96w
31347w,148w
35045w,750w
23800w,233w
38095w,736w
29317w,836w
44112w,1016w
3936w,183w
4132w,148w
3642w,986w
27960w,739w
28361w,242w
9276w,1027w
106934w,142w
33934w,750w
9278w,79w
22720w,183w
156292w,183w
162835w,794w
166479w,145w
19094w,183w
131377w,1030w
46069w,232w
5595w,37w
5595w,159w
170047w,796w
5747w,858w
7341w,36w
155727w,843w
155699w,39w
156675w,183w
5724w,854w
5788w,810w
43278w,954w
43278w,953w
9900w,55w
192201w,40w
210610w,794w
22889w,145w
43286w,148w
61750w,750w
143042w,403w
153430w,20w
4527w,668w
190060w,881w
191504w,1016w
26732w,668w
72895w,16w
122026w,183w
171857w,668w
61306w,96w
237w,237w
9141w,668w
181427w,96w
189113w,16w
174779w,45w
179046w,668w
129072w,794w
129072w,389688w
129072w,13405524w
223589w,974w
230025w,794w
193325w,874w
193241w,219w
62378w,145w
272777w,38w
277683w,159w
127754w,183w
138170w,408w
156316w,183w
133575w,29w
188617w,145w
188754w,17w
192522w,43w
189616w,668w
172613w,96w
134905w,408w
157543w,183w
192493w,258w
180274w,142w
237128w,30w
239748w,33w
463141w,29w
471765w,148w
200521w,763w
207692w,148w
189849w,224w
391229w,31w
391391w,16w
203197w,854w
205952w,30w
207917w,43w
207985w,142w
192764w,668w
244347w,1041w
202845w,664w
208181w,145w
71279w,36w
25496w,842w
48608w,804w
244952w,38w
263701w,40w
272799w,114w
277525w,423w
289466w,16w
214827w,783w
214007w,963w
466614w,796w
467763w,183w
490798w,884w
217449w,38w
265453w,31w
242681w,30w
273456w,115w
192518w,805w
190048w,262w
581641w,43w
604604w,16w
604604w,30w
201428w,142w
794643w,1032w
851122w,28w
865097w,869w
870258w,819w
904128w,403w
240832w,16w
260465w,408w
277540w,419w
213988w,34w
235878w,668w
328577w,1008w
374096w,142w
331099w,1029w
370956w,38w
391496w,408w
584125w,869w
642979w,115w
650872w,963w
253241w,38w
272153w,854w
205367w,142w
208559w,34w
318181w,227w
330095w,258w
379652w,41w
422941w,854w
309426w,1036w
308805w,148w
276553w,219w
279968w,183w
301815w,219w
372093w,30w
379759w,145w
239028w,31w
242176w,17w
215315w,37w
235884w,668w
209705w,35w
210678w,20w
504315w,115w
546010w,43w
464695w,115w
478707w,55w
503835w,929w
216059w,148w
217447w,33w
464913w,1011w
500189w,916w
733676w,1041w
755514w,233w
435829w,33w
464004w,30w
278908w,183w
309436w,1028w
464918w,142w
500367w,262w
559363w,1041w
535577w,265w
608100w,948w
629210w,244w
662102w,262w
819729w,36w
830805w,801w
852085w,16w
852427w,183w
134873w,148w
750245w,38w
756790w,924w
310719w,258w
319296w,219w
677879w,31w
726842w,38w
732708w,41w
687973w,39w
738657w,142w
680322w,842w
753162w,38w
477157w,884w
477462w,159w
941412w,419w
1025100w,869w
1046414w,96w
210055w,225w
778743w,117w
828417w,33w
863815w,710w
934627w,408w
569766w,265w
575035w,148w
532440w,668w
558514w,794w
572895w,298w
16743243w,96w
17013603w,837w
19605615w,258w
3457361w,148w
3457508w,142w
3511938w,236w
3848455w,96w
4411008w,159w
5472448w,668w
7899619w,794w
495276w,884w
500376w,215w
501833w,79w
636774w,38w
652634w,36w
715124w,29w
753895w,96w
787425w,30w
834893w,833w
837627w,145w
853364w,148w
910661w,224w
923894w,29w
319821w,30w
1790760w,148w
2211959w,837w
2268839w,924w
722732w,213w
723999w,35w
1334966w,145w
1439433w,16w
1642003w,34w
639487w,760w
646076w,145w
650531w,219w
970717w,837w
1075023w,837w
744420w,29w
817164w,148w
909755w,241w
503823w,912w
503387w,219w
2164885w,213w
2215414w,222w
2215414w,221w
2239058w,35w
2425839w,962w
391338w,16w
433634w,20w
752091w,668w
752181w,783w
757067w,39w
924276w,1006w
924276w,1008w
16064866w,142w
16064866w,145w
16064866w,183w
16064866w,213w
828291w,414w
828071w,223w
832957w,38w
1982106w,403w
2284354w,29w
2945656w,45w
3106527w,948w
3320082w,804w
8343770w,45w
11402500w,17w
12201148w,96w
15240737w,843w
15726441w,142w
15728421w,142w
15839120w,29w
15924897w,145w
16064866w,31w
16064866w,38w
16064866w,40w
559789w,96w
574879w,38w
595802w,31w
608090w,28w
608090w,214w
3678596w,858w
3848141w,96w
4115349w,858w
4986623w,145w
3113345w,884w
3370031w,29w
3370031w,215w
3380656w,668w
2114279w,16w
2914326w,948w
2945646w,38w
3320442w,419w
3370009w,833w
852546w,96w
899302w,29w
1026845w,34w
1100964w,79w
422929w,863w
457362w,262w
732554w,419w
743108w,145w
945514w,38w
1214318w,38w
1541665w,408w
1595417w,155w
1647948w,114w
1780249w,183w
3411434w,29w
3411434w,142w
3485435w,38w
3485435w,39w
3848197w,45w
6063031w,774w
8343758w,241w
9709444w,29w
10588848w,29w
12220316w,805w
38278862w,41w
55379486w,794w
55524104w,17w
64798261w,159w
64822967w,183w
65725484w,1008w
65821410w,79w
65924939w,1028w
109706388w,183w
114559132w,183w
621498w,1033w
645157w,29w
651278w,148w
8032604w,36w
8032604w,212w
8343760w,155w
8343764w,155w
9055979w,1000w
8343766w,736w
9724840w,38w
10300241w,183w
10332177w,843w
10344038w,145w
10729198w,851w
11812902w,924w
16363476w,41w
16945635w,41w
17634781w,214w
32148800w,41w
32797097w,38w
32797097w,224w
32797097w,236w
29070w,252w
1129992w,1027w
1130112w,258w
16912661w,43w
16963755w,41w
17117964w,142w
17132555w,414w
19387263w,20w
27969085w,142w
64617320w,219w
64617589w,219w
1123956w,1033w
1141003w,117w
1256501w,794w
936285w,28w
1033019w,40w
1353292w,189w
1569783w,145w
26258435w,668w
29901643w,227w
31271606w,227w
60846866w,43w
64433741w,229w
3522747w,668w
3845692w,155w
3962347w,878w
4147903w,145w
4147903w,183w
4361429w,711w
4923872w,79w
6091925w,739w
6106226w,800w
6106226w,804w
6130080w,115w
6153869w,115w
6535830w,214w
1453235w,711w
1621046w,40w
1756286w,34w
2104675w,96w
25998008w,794w
28246887w,34w
29905581w,77w
33800328w,258w
38153585w,408w
38162559w,408w
55495511w,29w
56695607w,155w
60346199w,145w
64494878w,215w
3364446w,236w
3575761w,38w
3678597w,36w
4120596w,1028w
4993586w,35w
5572706w,155w
55607898w,29w
65465081w,96w
66124383w,17w
66133295w,711w
66134819w,843w
66134823w,843w
66134821w,843w
66145762w,851w
66197761w,884w
66311160w,884w
67794917w,96w
76742746w,29w
87252930w,29w
97378981w,668w
97379507w,668w
97630179w,29w
97630176w,29w
97631409w,29w
97631426w,29w
97631477w,29w
99669069w,29w
103813700w,17w
106576599w,29w
106590080w,29w
106594304w,29w
106599146w,29w
106600473w,29w
106600687w,29w
106602893w,29w
106603524w,29w
106608817w,29w
4387456w,1005w
65516504w,30w
65519027w,30w
65519172w,30w
65531544w,736w
65531558w,736w
65531573w,736w
65531600w,419w
65531632w,419w
65531672w,419w
65531679w,419w
65531687w,419w
65531689w,419w
65531700w,419w
65559538w,155w
65562357w,739w
65617155w,419w
65643515w,262w
65643541w,262w
65643551w,262w
65643569w,262w
65643585w,262w
65920623w,114w
65944709w,948w
65944804w,948w
65953826w,889w
65954037w,398w
65954042w,398w
65965346w,148w
65965345w,148w
65965434w,148w
65967122w,148w
65967121w,148w
66000318w,668w
66000331w,668w
66000328w,668w
66000334w,668w
2448665w,45w
2944797w,142w
2945649w,45w
3125051w,41w
106636w,794w
9757828w,29w
10620357w,35w
11444847w,17w
14863645w,183w
15477047w,801w
15726428w,668w
15726321w,142w
15727363w,733w
5117106w,29w
17645099w,145w
43178321w,29w
43178334w,29w
48733884w,17w
56276755w,878w
56702862w,29w
56702867w,29w
56762077w,29w
56762101w,29w
56791718w,29w
56791721w,29w
57305557w,29w
57913794w,31w
60375863w,55w
63226648w,29w
64399661w,142w
64468649w,236w
64485229w,215w
64504329w,224w
64523081w,214w
64555782w,212w
64577163w,218w
64577160w,218w
64577164w,218w
64590519w,183w
64606200w,40w
64643977w,213w
64682794w,31w
64682820w,31w
64682821w,31w
275w,145w
641w,38w
1279597w,142w
1443478w,801w
2249113w,142w
2328849w,55w
18448486w,38w
18448486w,237w
19611498w,43w
20474885w,43w
20650612w,142w
1139084w,36w
1217726w,924w
7343w,408w
1165586w,858w
1656860w,858w
65643570w,262w
65643576w,262w
65660766w,962w
65727045w,1008w
65937534w,258w
65937535w,258w
65937533w,258w
65944711w,948w
65944714w,948w
65944722w,948w
65953934w,889w
65953992w,398w
65954000w,398w
65954004w,398w
65954010w,398w
65954039w,398w
65954043w,398w
65964838w,148w
65965316w,148w
65965548w,148w
65966781w,148w
65966996w,29w
65967123w,148w
65967126w,148w
65967125w,148w
65967161w,148w
65970893w,29w
65980114w,232w
65981316w,148w
65998810w,668w
66000297w,668w
66004174w,668w
66011632w,29w
66023675w,794w
66023691w,794w
66023234w,252w
66023240w,252w
66041090w,29w
66051680w,148w
65460718w,96w
65498175w,96w
65498283w,96w
65499203w,96w
65517962w,30w
65519274w,30w
65531431w,298w
65531453w,298w
65531474w,298w
65531478w,298w
65531541w,736w
65531561w,736w
65531617w,419w
65531650w,419w
65531664w,419w
65531677w,419w
65554680w,155w
65562356w,739w
65643542w,262w
65643596w,262w
65685310w,965w
65815537w,79w
65921507w,912w
65920621w,114w
65926576w,1028w
65936192w,1041w
65953995w,398w
65954031w,398w
65954035w,398w
65954038w,398w
65954044w,398w
65965421w,148w
65965432w,148w
106729782w,29w
13220079w,948w
15052130w,1016w
15613336w,238w
15728409w,142w
15819677w,241w
15924695w,96w
16147548w,230w
16912637w,142w
17640714w,145w
17640722w,145w
17645115w,145w
17645151w,145w
17645195w,145w
17647108w,145w
17647114w,145w
17663129w,145w
17675549w,145w
43147903w,29w
66054694w,183w
66054780w,183w
66054786w,183w
66057939w,794w
66057987w,796w
66057991w,796w
66057602w,252w
66058299w,29w
66058306w,29w
66062083w,29w
66087931w,17w
66089098w,17w
66089147w,17w
66089896w,17w
66133756w,423w
66198224w,884w
66204350w,858w
66207282w,878w
66207386w,878w
66207417w,878w
66213874w,805w
2727469w,846w
2962473w,142w
3529269w,262w
3529269w,1747689w
156067w,28513w
156067w,212w
157550w,183w
156067w,131964w
43148397w,29w
43148439w,29w
43148480w,29w
43148561w,29w
43149060w,29w
43149083w,29w
43149094w,29w
43150099w,29w
43152065w,29w
64705367w,43w
64958288w,29w
65099260w,884w
65114170w,800w
65121255w,241w
15229957w,45w
15240748w,36w
15613314w,96w
15727490w,43w
15831671w,29w
16482294w,17w
17125919w,148w
17132416w,224w
17255582w,265w
17296768w,38w
17993813w,148w
64686737w,45w
64686787w,45w
64686796w,45w
64699469w,43w
64699534w,43w
64705294w,43w
64705502w,43w
64705501w,43w
64787667w,159w
64810426w,145w
64811611w,145w
64811608w,145w
64811615w,145w
64811616w,145w
64811622w,145w
64811621w,145w
64811626w,145w
64811630w,145w
64811629w,145w
64811633w,145w
64811652w,145w
64811658w,145w
64811657w,145w
64811675w,145w
64811696w,145w
64811710w,145w
64811760w,145w
64811786w,145w
64811788w,145w
64811820w,145w
64811860w,145w
64811868w,145w
64811912w,145w
64811917w,145w
64811927w,183w
64819278w,145w
64821766w,183w
64821765w,183w
64821773w,183w
64822931w,142w
64828711w,142w
64829137w,142w
64848245w,29w
106655955w,29w
106656138w,29w
106656172w,29w
106656355w,29w
106656510w,29w
106661851w,29w
184429w,218w
184534w,43w
4111w,148w
4187w,148w
106662676w,29w
106676129w,29w
9705991w,29w
29561578w,29w
29583924w,215w
29908614w,928w
30250486w,29w
30911567w,96w
30925787w,17w
31025023w,229w
31841104w,229w
32979674w,224w
35972985w,38w
42449859w,29w
43083696w,29w
43090285w,29w
43115744w,29w
43147211w,29w
43147624w,29w
43148385w,29w
106676150w,29w
1142337w,403w
55264655w,117w
55264655w,200464w
1975533w,29w
2021552w,145w
2072102w,1028w
45690w,854w
56004w,183w
36034w,148w
38888w,41w
131013w,41w
5780w,1049w
184427w,668w
5513w,159w
375634w,854w
394443w,854w
4243w,794w
12501w,148w
15727412w,858w
15830652w,854w
15830656w,30w
15904183w,148w
16886821w,38w
16963852w,869w
17155656w,399w
20644172w,183w
20963672w,38w
15830652w,200464w
13362w,38w
5762117w,31w
6057341w,29w
10749904w,29w
12125635w,790w
12192954w,1028w
13567081w,854w
15224718w,148w
15255454w,34w
15728398w,954w
15839097w,668w
27964w,298w
27985w,792w
65498982w,96w
65517383w,30w
65531350w,414w
65531415w,750w
65531428w,298w
65531417w,750w
65531445w,298w
65531467w,298w
65531469w,298w
65531476w,298w
65531483w,298w
65531542w,736w
65531553w,736w
65531556w,736w
65531597w,419w
65531615w,419w
65531626w,419w
65531628w,419w
65531641w,419w
65531653w,419w
65531683w,419w
65531694w,419w
65562359w,739w
65562360w,739w
65562361w,739w
106608818w,29w
106612098w,29w
106614027w,29w
106616335w,29w
106622585w,29w
106634785w,29w
106634854w,29w
106635163w,29w
106642630w,29w
106655699w,29w
66089882w,17w
66089902w,17w
66089908w,17w
66089914w,17w
66089912w,17w
66092099w,17w
66111205w,17w
66111211w,17w
66124378w,17w
66124382w,17w
66124384w,17w
66132612w,819w
66133761w,423w
66134825w,843w
66145748w,851w
66145765w,851w
66198228w,884w
66199409w,884w
66204356w,858w
66207331w,878w
66207355w,878w
85884704w,17w
97011004w,38w
97361053w,668w
97361413w,668w
97630175w,29w
97631480w,29w
97631481w,29w
106594302w,29w
106608815w,29w
106610202w,29w
106614022w,29w
106620815w,29w
106634540w,29w
106610360w,29w
106613024w,29w
106613049w,29w
106614015w,29w
106614407w,29w
106620814w,29w
106627451w,29w
106627493w,29w
106627724w,29w
106650997w,29w
106661840w,29w
106676546w,29w
106687065w,29w
106690927w,29w
106772392w,29w
106772597w,29w
43176636w,29w
43176687w,29w
43176909w,29w
43178312w,29w
62069250w,183w
64758537w,159w
64760209w,159w
64760240w,159w
64760268w,159w
64761163w,159w
64761221w,159w
64769499w,159w
64787152w,159w
64787246w,159w
64798093w,159w
64811930w,183w
64811940w,183w
64811948w,183w
64811967w,183w
64811975w,183w
64812029w,183w
64812035w,183w
64822259w,183w
106653769w,29w
106661860w,29w
106675114w,29w
106676161w,29w
106676194w,29w
106679719w,29w
106681523w,29w
106681526w,29w
106681524w,29w
106681525w,29w
106685496w,29w
106686026w,29w
106686024w,29w
106686025w,29w
106686070w,29w
65531404w,414w
65531450w,298w
65531455w,298w
65531485w,298w
65531494w,298w
65531496w,298w
65531501w,298w
65531538w,736w
2946w,142w
106675789w,29w
106675810w,29w
6247w,38w
43148511w,29w
55074735w,96w
55530176w,17w
56044966w,29w
56258744w,38w
56259942w,29w
56702859w,29w
56702864w,29w
56753541w,29w
56762076w,29w
56762081w,29w
56762111w,29w
64398293w,191w
64399662w,142w
64399660w,142w
64418451w,222w
64418664w,222w
64533630w,159w
64533630w,212w
64555530w,29w
64590522w,183w
64618111w,219w
64686805w,45w
64699535w,43w
64705221w,43w
64810512w,145w
64810755w,145w
64811586w,145w
39671w,145w
64759140w,159w
64759473w,159w
64760341w,159w
64798090w,159w
64798098w,159w
64798470w,159w
64812000w,183w
64812011w,183w
64812021w,183w
64812079w,183w
64812129w,183w
64812138w,183w
64812160w,183w
64812205w,183w
64812210w,183w
64812217w,183w
64812220w,183w
64812271w,183w
64812295w,183w
64812330w,183w
64812350w,183w
64812358w,183w
64812405w,183w
64812476w,183w
64812489w,183w
64812530w,183w
64812552w,183w
64812593w,183w
64812693w,183w
64816567w,145w
64816692w,145w
64816698w,145w
64816697w,145w
64816702w,145w
64816701w,145w
64830443w,142w
64860985w,29w
64861198w,29w
64861219w,29w
64987060w,29w
64987078w,29w
64987079w,29w
64987102w,29w
64987112w,29w
64987127w,29w
64987128w,29w
64987147w,29w
65007091w,232w
65007107w,232w
65007109w,232w
65007948w,38w
65010552w,38w
65016566w,38w
65017043w,38w
65028275w,38w
65028278w,38w
65028375w,38w
65028547w,38w
65099438w,408w
65099452w,408w
65121471w,241w
65335267w,96w
64812350w,1747689w
64812049w,183w
64812061w,183w
64812084w,183w
64812146w,183w
64812155w,183w
64812242w,183w
64812275w,183w
64812290w,183w
64812346w,183w
64812371w,183w
64812385w,183w
64812423w,183w
64812439w,183w
64812480w,183w
64812485w,183w
64812505w,183w
64812541w,183w
64812580w,183w
64812589w,183w
64812602w,183w
64812788w,183w
64816694w,145w
64816693w,145w
64816706w,145w
64822093w,183w
64822101w,183w
64822235w,183w
64831173w,142w
64850369w,29w
64860841w,29w
64957051w,29w
64983846w,29w
64987059w,29w
64987062w,29w
64987083w,29w
64987091w,29w
64987098w,29w
64987121w,29w
64987140w,29w
64987145w,29w
65007965w,38w
65017042w,38w
65028276w,38w
65099447w,408w
65099466w,408w
65099994w,408w
65100021w,408w
65100032w,408w
65121669w,241w
65121823w,241w
65122084w,241w
65465034w,96w
65465088w,96w
65494476w,96w
65494658w,96w
65497485w,96w
65498089w,96w
29265w,145w
189764w,142w
106660676w,29w
106660682w,29w
106660855w,29w
106675780w,29w
106686750w,29w
106715350w,29w
106727292w,29w
106753187w,29w
106753309w,29w
106755036w,29w
106755215w,29w
106755980w,29w
106770951w,29w
106770948w,29w
178124w,189w
180402w,30w
214944w,43w
215897w,38w
318422w,774w
328488w,974w
22647w,43w
272768w,1042w
305044w,902w
19053w,41w
27356w,851w
66050835w,29w
66057944w,794w
66057945w,794w
66057984w,796w
66057594w,252w
66057625w,148w
66057630w,155w
66062086w,29w
66065255w,29w
66089904w,17w
66092179w,17w
66124375w,17w
66132602w,819w
66132603w,819w
66132607w,819w
66133766w,423w
66134815w,843w
66145745w,851w
66198242w,884w
66207258w,878w
66207318w,878w
66213453w,881w
97630178w,29w
97631479w,29w
97631595w,29w
106580786w,29w
106581264w,29w
106583260w,29w
106590082w,29w
106590085w,29w
106594301w,29w
86486w,242w
99372w,31w
118468w,842w
2061016w,145w
17645247w,145w
17645260w,145w
64787367w,159w
64798096w,159w
64811590w,145w
64811591w,145w
64811594w,145w
64811592w,145w
64811598w,145w
64811606w,145w
64811612w,145w
64811623w,145w
64811624w,145w
64811635w,145w
64811638w,145w
64811637w,145w
64811642w,145w
64811641w,145w
64811644w,145w
64811648w,145w
64811655w,145w
64811664w,145w
64811670w,145w
64811672w,145w
64811679w,145w
64811694w,145w
64811713w,145w
64811722w,145w
64811720w,145w
64811736w,145w
64811765w,145w
64811795w,145w
64811803w,145w
64811808w,145w
64811817w,145w
64811841w,145w
64811844w,145w
64811899w,145w
64811896w,145w
64811945w,183w
64811970w,183w
64811993w,183w
64812019w,183w
64812087w,183w
64812107w,183w
64812104w,183w
64812144w,183w
64812213w,183w
64812298w,183w
64812308w,183w
64812315w,183w
64812312w,183w
64812391w,183w
64812420w,183w
64819258w,145w
64819274w,145w
64821764w,183w
64821768w,183w
64821769w,183w
64824439w,183w
64824442w,183w
64824468w,213w
64828704w,142w
64829134w,142w
64829430w,142w
106634515w,29w
245151w,29w
3201319w,17w
5055467w,794w
28163477w,843w
61867409w,38w
65944708w,948w
65953849w,889w
65953897w,889w
65954052w,398w
65965238w,148w
65965322w,148w
65965324w,148w
65966782w,148w
65967165w,148w
65969274w,29w
65969284w,29w
66000294w,668w
66000325w,668w
66004181w,668w
66023670w,794w
66023674w,794w
66054705w,183w
66054735w,183w
66057938w,794w
66057990w,796w
66057988w,796w
66057047w,36w
66058304w,29w
65944741w,948w
66057620w,148w
107675480w,29w
108096731w,298w
108379504w,739w
29384w,822w
28471w,29w
43277w,794w
173532w,822w
4513w,668w
4107w,148w
106824101w,29w
106875127w,29w
106882030w,29w
192237w,1016w
156011w,31w
156011w,29w
156011w,38w
156011w,39w
156011w,36w
156011w,40w
156011w,142w
156011w,183w
156011w,214w
156011w,215w
156011w,212w
156011w,213w
156011w,218w
156011w,219w
156011w,222w
156011w,221w
156011w,224w
156011w,225w
4516w,252w
4528w,668w
4521w,252w
181123w,668w
462702w,229w
464942w,29w
191763w,17w
205832w,41w
506511w,668w
539518w,1025w
564321w,1019w
19833w,38w
46074w,148w
54898w,29w
64812426w,183w
64812436w,183w
64812448w,183w
64812457w,183w
64812468w,183w
64812522w,183w
64812549w,183w
64812623w,183w
64812638w,183w
64812671w,183w
64816691w,145w
64816696w,145w
64822016w,183w
64830378w,142w
64830469w,142w
64830490w,142w
64830501w,142w
64850483w,29w
64850540w,29w
64860994w,29w
64987084w,29w
64987103w,29w
64987105w,29w
64987124w,29w
65007090w,232w
65010442w,38w
65011083w,38w
65011756w,38w
65028264w,38w
65028277w,38w
65028376w,38w
65099422w,408w
65099436w,408w
65099441w,408w
65099444w,408w
65099460w,408w
65099469w,408w
65099484w,408w
65100019w,408w
65114438w,800w
65132921w,774w
65335758w,96w
65460899w,96w
65465058w,96w
65494543w,96w
65494609w,96w
65498055w,96w
65498879w,96w
65531370w,414w
65531391w,414w
43014w,38w
211962w,15180w
211962w,159w
211962w,34266w
211962w,186096w
23513w,881w
151963w,183w
155495w,159w
445649w,37w
457324w,974w
459629w,262w
705132w,43w
724484w,262w
736692w,45w
89675w,218w
163607w,424w
594282w,79w
606763w,794w
647958w,145w
75459w,41w
141080w,29w
158324w,183w
106608819w,29w
106614023w,29w
47476w,29w
47611w,43w
126084w,801w
138986w,805w
270725w,159w
273195w,30w
134927w,148w
135779w,43w
120730w,17w
854672w,874w
854672w,1986139w
42798w,252w
747875w,408w
799893w,902w
127963w,794w
131198w,408w
921745w,29w
938685w,954w
1135808w,408w
179883w,38w
189934w,730w
1218832w,159w
1265889w,55w
1265889w,183w
1405154w,1019w
156308w,36w
156308w,183w
48472w,874w
61757w,28w
223385w,414w
207193w,27w
650546w,912w
685476w,183w
688060w,39w
1761052w,34w
1969107w,1019w
2707802w,38w
151545w,183w
155743w,36w
501344w,1008w
201698w,142w
203241w,38w
202494w,142w
69307w,55w
28061w,414w
28416w,96w
213237w,414w
220289w,30w
174139w,17w
178835w,822w
391973w,224w
396132w,34w
122082w,219w
152225w,709w
274131w,30w
278512w,155w
267394w,155w
272771w,96w
217379w,41w
217452w,142w
212205w,20w
775154w,800w
797120w,96w
824602w,928w
12156631w,29w
12193567w,810w
15278743w,833w
15278712w,184w
15726282w,924w
15813904w,30w
15924669w,43w
209643w,184w
212214w,38w
499019w,1049w
499527w,843w
501153w,298w
334150w,142w
380470w,159w
421806w,36w
456817w,668w
459493w,183w
477051w,29w
310049w,858w
326951w,664w
333850w,142w
277531w,858w
306978w,148w
189648w,668w
190128w,881w
273834w,148w
305169w,739w
3888860w,819w
5773394w,43w
5821857w,29w
7698713w,41w
7769551w,17w
9603543w,29w
11352141w,38w
159070w,801w
186312w,801w
3046409w,334w
3076575w,863w
3207298w,39w
3331815w,419w
3664670w,222w
206236w,796w
209217w,954w
235004w,928w
234783w,227w
229610w,1049w
242741w,41w
263567w,183w
391215w,1028w
391406w,881w
503828w,155w
505175w,399w
540964w,145w
1408909w,842w
1435206w,781w
1614152w,35w
1632877w,148w
876685w,41w
911953w,30w
911953w,96w
917369w,419w
308807w,1016w
324638w,17w
331996w,29w
650710w,750w
696803w,29w
636714w,241w
645105w,224w
729327w,218w
1038473w,148w
1046818w,148w
1106554w,148w
1280433w,36w
458167w,1019w
463159w,142w
482423w,884w
495286w,884w
257598w,16w
277576w,159w
573209w,183w
592512w,403w
623978w,884w
635473w,408w
192243w,20w
192243w,34w
192243w,33w
192243w,37w
192243w,159w
192243w,184w
192243w,191w
192243w,211w
192243w,212w
192243w,217w
2521895w,155w
2601433w,148w
2887224w,739w
2987951w,142w
2990490w,155w
3034552w,142w
636194w,34w
639217w,183w
649738w,45w
750675w,31w
750675w,142w
390028w,30w
392365w,214w
332800w,228w
339489w,27w
750248w,29w
751146w,96w
752318w,213w
826452w,213w
29583972w,38w
29583979w,39w
29583982w,39w
29908600w,928w
30074932w,17w
30909107w,29w
32035015w,29w
32064050w,183w
35430996w,38w
43116068w,29w
43116614w,29w
43118160w,29w
43147383w,29w
43147412w,29w
43151524w,29w
914231w,55w
927108w,928w
854267w,36w
877626w,17w
903792w,96w
189358w,35w
510279w,39w
552005w,96w
575976w,145w
588009w,29w
589634w,36w
611345w,17w
20985659w,29w
20985671w,29w
21013554w,29w
21045678w,794w
21081295w,29w
21619511w,142w
21653863w,17w
21781592w,96w
22119078w,17w
22343020w,29w
22939873w,142w
22980119w,142w
25039883w,155w
25238215w,39w
25479438w,29w
26256588w,34w
26926895w,29w
27044856w,155w
27787520w,96w
28518274w,29w
28974565w,29w
29167822w,225w
29583897w,39w
29583901w,38w
29583905w,38w
29583931w,142w
29583949w,40w
29583957w,38w
644490w,183w
649384w,668w
681861w,414w
505617w,38w
552106w,45w
422995w,869w
461272w,38w
500397w,1036w
740138w,801w
3181816w,148w
3182054w,148w
3271236w,148w
3313058w,148w
3320500w,148w
3504601w,148w
4130614w,148w
874027w,17w
920206w,34w
750190w,813w
746063w,38w
828412w,218w
838928w,1036w
837935w,148w
838085w,148w
4688554w,145w
17642986w,145w
17645205w,145w
17645274w,145w
17647161w,145w
17675747w,145w
43164575w,29w
43169149w,29w
43176876w,29w
43178520w,29w
64798103w,711w
64811599w,145w
64811597w,145w
64811620w,145w
64811627w,145w
64811628w,145w
64811639w,145w
64811650w,145w
64811653w,145w
64811661w,145w
64811750w,145w
64811753w,145w
64811756w,145w
64811775w,145w
64811814w,145w
64811826w,145w
64811857w,145w
64811886w,145w
64811891w,145w
64811919w,183w
64811955w,183w
64812055w,183w
64812064w,183w
64812069w,183w
64812072w,183w
64812092w,183w
64812098w,183w
64812123w,183w
64812141w,183w
64812175w,183w
64812172w,183w
64812178w,183w
64812266w,183w
64812325w,183w
64812433w,183w
64812443w,183w
64812526w,183w
64812538w,183w
64812570w,183w
487174w,38w
719422w,184w
726803w,191w
733069w,218w
741636w,804w
751274w,408w
753383w,233w
757114w,38w
1551411w,148w
1982506w,41w
2149114w,148w
2200748w,148w
587584w,145w
593147w,45w
629902w,148w
643063w,408w
1018661w,159w
2893756w,31w
2928960w,142w
2979479w,142w
3027848w,183w
3049225w,39w
3058143w,34w
3027848w,1747689w
16363487w,212w
16942531w,668w
18087815w,16w
19407124w,225w
19407156w,225w
19747664w,29w
20650454w,30w
57072712w,414w
64636277w,213w
64642132w,213w
64699502w,43w
64746144w,159w
808563w,928w
839603w,736w
200200w,796w
390264w,419w
464904w,148w
775020w,159w
797418w,858w
814730w,836w
1134454w,717w
1144686w,142w
1147957w,41w
1186324w,28025w
1186324w,17w
877185w,881w
882413w,183w
890652w,403w
938289w,843w
3846809w,96w
3861082w,258w
3899974w,414w
3921197w,55w
4018530w,55w
4262021w,159w
4329920w,159w
4416676w,159w
4504757w,159w
4504849w,159w
4736815w,155w
4817182w,155w
4838578w,242w
4900869w,837w
4919631w,869w
935426w,16w
940416w,218w
942422w,805w
958961w,142w
1061531w,717w
1063133w,17w
1091515w,29w
842822w,227w
844841w,41w
679891w,1041w
683110w,16w
3077344w,17w
3111780w,142w
3128420w,39w
3322194w,148w
3330685w,29w
3524629w,114w
3531488w,854w
3556184w,39w
3572667w,17w
3573401w,39w
3696259w,668w
461371w,29w
107674350w,38w
109123298w,38w
8343767w,739w
9390606w,36w
10649093w,183w
10769129w,881w
10913999w,403w
11288310w,40w
10769129w,70802w
1141009w,96w
1144337w,148w
1175856w,79w
1244337w,717w
697693w,183w
702528w,183w
705035w,17w
705154w,17w
733389w,38w
12352436w,1028w
14230458w,148w
15238169w,183w
15260680w,145w
15278408w,1049w
15933552w,408w
15980181w,159w
16333723w,225w
16912957w,884w
16912647w,214w
16913154w,38w
16914686w,148w
17132271w,41w
64705007w,43w
64705254w,43w
65062995w,695w
66023623w,794w
105973249w,1016w
65531637w,419w
65531667w,419w
65531696w,419w
65538478w,155w
65643516w,262w
97288567w,29w
841896w,794w
843147w,1009w
875783w,148w
910180w,148w
1074330w,668w
1286650w,148w
12257209w,29w
12283322w,219w
12293430w,219w
12614441w,884w
12747162w,43w
14223008w,1000w
15958566w,1008w
112132576w,298w
829084w,20w
844427w,668w
867586w,810w
15725130w,869w
16363506w,41w
16735627w,38w
16910825w,399w
16921416w,145w
16946966w,822w
17117941w,213w
17163308w,38w
17208861w,17w
38167074w,408w
39081159w,29w
47496765w,230w
1194818w,148w
1203429w,17w
1203756w,17w
1243513w,218w
973175w,17w
975227w,17w
1818746w,424w
2233532w,142w
2605019w,668w
695229w,668w
740104w,398w
4204534w,159w
5762131w,96w
6744547w,258w
6744547w,1013w
8343756w,419w
8343761w,155w
12269990w,20w
15107508w,34w
15278460w,408w
917429w,954w
917195w,17w
928218w,29w
20492324w,29w
21727670w,159w
21890658w,408w
22427665w,29w
22960555w,142w
22960755w,142w
22969940w,29w
22997458w,142w
24199776w,96w
24811859w,668w
25479419w,29w
27192240w,114w
27832258w,29w
27989168w,159w
28171838w,668w
28173467w,668w
29583898w,39w
29583976w,39w
30775238w,229w
30890812w,159w
31082615w,225w
42597079w,948w
43090204w,29w
958987w,29w
960301w,29w
975257w,142w
976534w,29w
984315w,858w
986104w,29w
4925892w,869w
4943787w,258w
5175125w,218w
5269314w,843w
5352180w,800w
5371879w,148w
5776828w,29w
5835617w,29w
5849431w,17w
5909295w,29w
5909702w,29w
735914w,148w
508634w,668w
575398w,664w
16256171w,423w
16564811w,414w
16735831w,218w
16801493w,55w
16892306w,878w
16962666w,38w
17029168w,148w
17212161w,17w
17586690w,29w
17642650w,145w
17645080w,145w
18122850w,29w
18222399w,38w
18481466w,29w
19407129w,225w
19407132w,225w
19608534w,29w
19883347w,29w
20056027w,29w
5920w,183w
19826w,38w
19844w,38w
19854w,38w
19865w,38w
2707216w,45w
3197288w,35w
18785988w,159w
28827968w,142w
38283757w,41w
47519282w,159w
47531644w,29w
61122251w,214w
64401449w,142w
64559620w,28w
1333330w,17w
1503858w,928w
1779992w,34w
1974274w,258w
1000054w,38w
1018764w,41w
1050324w,159w
1051458w,159w
1076650w,148w
1133155w,29w
5910248w,29w
5910991w,29w
5910998w,29w
5911123w,29w
5912508w,29w
6021357w,29w
6060756w,29w
6076294w,96w
6091346w,29w
6838482w,858w
6878730w,30w
6925405w,148w
6961477w,423w
7455207w,155w
6058532w,29w
65519524w,30w
65643514w,262w
65643543w,262w
65643579w,262w
65643584w,262w
65827845w,79w
65894816w,1005w
65921508w,912w
65944719w,948w
65953845w,889w
65953991w,398w
65953999w,398w
65954046w,398w
65954047w,398w
65965433w,148w
65967124w,148w
65980157w,148w
65981313w,148w
65998811w,668w
66000313w,668w
66000320w,668w
66023671w,794w
66023672w,794w
66050836w,29w
66051676w,148w
66051686w,148w
66057934w,794w
66057936w,794w
66057947w,794w
66057597w,252w
66057637w,155w
66087933w,17w
66089898w,17w
66108561w,17w
66111213w,17w
66124353w,17w
66124358w,17w
66124356w,17w
66124371w,17w
66132610w,819w
66132615w,819w
66133293w,711w
66133764w,423w
66134050w,842w
66134054w,842w
66134055w,842w
66134818w,843w
66134824w,843w
66145738w,851w
66145751w,851w
66145755w,851w
66197431w,884w
66197443w,884w
66197770w,884w
66207409w,878w
97287426w,29w
97287432w,29w
97631478w,29w
97688671w,29w
98075634w,29w
106582835w,29w
106583039w,29w
106594051w,29w
106599145w,29w
106602760w,29w
1292442w,33w
1333799w,17w
1544213w,668w
1551511w,159w
1571825w,15180w
1571825w,232w
1580915w,408w
1622717w,265w
1628962w,408w
19164w,159w
19834w,38w
34102w,38w
1637487w,29w
1650229w,41w
1739604w,142w
2015257w,842w
2250035w,183w
2397751w,424w
2592613w,212w
3847588w,1028w
61092w,833w
980697w,17w
1001352w,223w
106978480w,29w
107558402w,55w
108040340w,145w
7461w,159w
10288w,41w
11471921w,17w
11489009w,17w
11526304w,17w
11680154w,29w
11858823w,1028w
12286590w,219w
12294132w,219w
12385484w,29w
12598929w,884w
12621501w,884w
12808050w,215w
13586340w,36w
14547532w,39w
15224654w,155w
15234037w,668w
15788327w,29w
15950767w,142w
64812606w,183w
64812614w,183w
64812619w,183w
64812628w,183w
64812676w,183w
64816699w,145w
64816703w,145w
64816710w,145w
64822107w,183w
64850759w,29w
64851284w,29w
64860916w,29w
64957752w,29w
64981678w,29w
64987067w,29w
64987101w,29w
64987120w,29w
64987125w,29w
64987135w,29w
65011754w,38w
65028370w,38w
65028377w,38w
65029145w,38w
65099455w,408w
65100027w,408w
65100040w,408w
65100047w,408w
65131797w,774w
65336432w,96w
65494659w,96w
65498846w,96w
65498958w,96w
65499860w,96w
65519440w,30w
65531296w,414w
65531383w,414w
65531387w,414w
65531396w,414w
65531448w,298w
65531498w,298w
65531606w,419w
65531610w,419w
65531622w,419w
826551w,928w
829469w,29w
832278w,38w
192666w,36w
192666w,184w
46850w,159w
20970631w,29w
20984986w,29w
21013553w,29w
21235310w,38w
21639711w,159w
21855839w,29w
21855939w,29w
22688967w,851w
22997451w,142w
24266864w,96w
26133052w,29w
26738930w,29w
26874366w,29w
27876724w,155w
28495970w,34w
28667548w,159w
28690431w,17w
29583881w,40w
29583895w,39w
29583894w,183w
29583927w,183w
29583925w,215w
29583950w,38w
29583960w,38w
29583967w,39w
29583975w,183w
29786328w,258w
29984838w,29w
30329293w,29w
30593786w,17w
1366015w,733w
1390044w,35w
1395364w,869w
1449217w,38w
1366015w,200464w
1472544w,38w
1505731w,29w
1539707w,96w
1540402w,29w
7844773w,215w
7912912w,668w
8348804w,29w
8564779w,145w
8987623w,39w
9093955w,29w
10395953w,155w
10661422w,215w
10682441w,33w
10684553w,33w
10856210w,17w
10893414w,148w
11141966w,148w
11259430w,17w
11275423w,17w
11462859w,17w
11479972w,17w
11562956w,17w
11682867w,29w
11747061w,36w
84090w,38w
84090w,237w
956438w,29w
957628w,794w
1863008w,55w
1881045w,55w
1884030w,31w
1885375w,148w
1894197w,408w
1902867w,142w
1971197w,31w
1996107w,142w
2037692w,801w
18986w,43w
241074w,155w
748211w,213w
11437550w,17w
134140w,79w
165414w,183w
213507w,912w
216862w,233w
5410477w,29w
16159057w,29w
16159106w,29w
64590253w,55w
64640311w,213w
16023611w,148w
16092526w,884w
16159066w,29w
16190027w,29w
16518089w,29w
16612568w,38w
16988075w,213w
17061201w,148w
17134727w,252w
17209498w,17w
17468047w,55w
17675628w,145w
18219497w,29w
18481023w,155w
18539090w,218w
18539306w,218w
18808444w,145w
18811512w,55w
19598169w,29w
20016795w,29w
20492603w,29w
20687839w,148w
1269931w,965w
1306513w,928w
1347586w,38w
1362629w,17w
5715w,79w
106656249w,29w
106662058w,29w
106675881w,29w
106686028w,29w
500720w,298w
501093w,298w
500061w,148w
38411w,17w
46772w,142w
80290w,148w
178813w,1747689w
4399w,794w
2587975w,142w
2598094w,38w
2603171w,142w
2677973w,31w
2721458w,38w
2746626w,252w
175874w,29w
180773w,128904w
180773w,389688w
82859w,805w
63465w,17w
210065w,796w
43018w,43w
1766106w,668w
1765200w,29w
1774129w,142w
4460w,794w
4531w,794w
35972957w,38w
38298558w,96w
43082238w,29w
43113954w,29w
43115131w,29w
43117096w,29w
43151292w,29w
43158372w,29w
2028w,38w
333984w,142w
379080w,114w
464936w,43w
19840w,38w
106762863w,29w
106771257w,29w
106772451w,29w
106783044w,29w
106786152w,29w
106786705w,29w
106840233w,29w
106872771w,29w
106872950w,29w
106898202w,29w
106898201w,29w
106899685w,29w
106916343w,29w
106916911w,29w
106938050w,29w
106940602w,29w
106940603w,29w
106942586w,29w
106964155w,29w
106977892w,29w
106978315w,29w
473144w,750w
484458w,889w
477578w,219060w
190165w,819w
43128571w,29w
43131035w,29w
43147131w,29w
43151410w,29w
43152049w,29w
43152720w,29w
106620816w,29w
106631628w,29w
106634950w,29w
106642435w,29w
106653028w,29w
106660678w,29w
106665234w,29w
106675651w,29w
106675769w,29w
106676005w,29w
106685342w,29w
106731858w,29w
106754827w,29w
106756749w,29w
106757837w,29w
48153w,241w
61094w,17w
9213w,837w
206823w,142w
213188w,1005w
66485w,668w
29223w,79w
41451w,664w
45957w,668w
826118w,842w
828125w,28w
828212w,16w
828212w,30w
2094962w,142w
2112214w,55w
2194026w,142w
2223706w,29w
2227225w,34w
2237185w,142w
2383410w,96w
2384313w,114w
25495w,842w
36160w,881w
46275w,664w
117623w,843w
142874w,159w
193989w,20w
48108w,241w
155414w,29w
173837w,965w
184284w,258w
188528w,225w
207870w,29w
207945w,219w
242711w,212w
252814w,30w
199234w,142w
205558w,214w
213439w,30w
211778w,145w
189657w,408w
289427w,38w
334217w,142w
338834w,183w
384463w,218w
2392766w,159w
2423095w,34w
2470882w,29w
2483434w,55w
2498312w,17w
2506967w,38w
2561858w,794w
656334w,38w
662563w,36w
663764w,36w
664346w,39w
664706w,39w
695880w,183w
2752664w,31w
2796994w,928w
2800964w,55w
2887144w,948w
2886966w,142w
2887024w,142w
2888517w,800w
2893751w,31w
17645057w,145w
20100446w,29w
43117484w,29w
43147638w,29w
108040854w,38w
108041326w,215w
108076652w,1008w
231606w,29w
250015w,213w
250880w,40w
929491w,29w
962846w,41w
65007945w,38w
65016570w,38w
65016568w,38w
65028346w,38w
65028374w,38w
65099449w,408w
65099458w,408w
65099472w,408w
65100043w,408w
65122815w,241w
65132454w,774w
65133194w,774w
65337340w,96w
65465076w,96w
65494791w,96w
65498914w,96w
65520095w,30w
65531462w,298w
65531481w,298w
65531567w,736w
65531565w,736w
65531575w,736w
65531589w,419w
65531630w,419w
65531643w,419w
65531657w,419w
65531660w,419w
65531674w,419w
65531685w,419w
65559536w,155w
257473w,17w
272781w,45w
2315050w,159w
64758789w,159w
64759155w,159w
64759330w,159w
64759461w,159w
64759472w,159w
64760186w,159w
64760359w,159w
64760389w,159w
64761223w,159w
64769498w,159w
64797735w,711w
64797735w,159w
64798202w,159w
64812009w,183w
64812014w,183w
64812024w,183w
64812066w,183w
64812101w,183w
64812131w,183w
64812149w,183w
64812152w,183w
64812169w,183w
64812187w,183w
64812201w,183w
64812227w,183w
64812224w,183w
64812230w,183w
64812262w,183w
64812319w,183w
64812342w,183w
64812367w,183w
64812381w,183w
64812401w,183w
64812410w,183w
64812464w,183w
64812473w,183w
64812544w,183w
64812576w,183w
64812645w,183w
64812651w,183w
64812662w,183w
64816700w,145w
64816709w,145w
64821668w,183w
64830377w,142w
64830383w,142w
64830453w,142w
64850631w,29w
64850834w,29w
64861226w,29w
64960063w,29w
64987064w,29w
64987072w,29w
64987085w,29w
132564w,41w
501126w,298w
507076w,145w
514069w,38w
520112w,29w
522862w,79w
11143662w,148w
106634990w,29w
106635102w,29w
106641994w,29w
106642251w,29w
106676173w,29w
106731041w,29w
106753306w,29w
106753737w,29w
106755785w,29w
106770952w,29w
106771182w,29w
106774292w,29w
106774541w,29w
106775073w,29w
106782834w,29w
106783018w,29w
106840049w,29w
106872242w,29w
106886064w,29w
106890034w,29w
222501w,142w
257513w,29w
277389w,224w
281856w,31w
302975w,38w
333661w,30w
43148765w,29w
43148809w,29w
43176844w,29w
47001746w,148w
47915816w,218w
48815268w,17w
48911227w,148w
50810144w,889w
55264662w,1028w
55281523w,252w
56702873w,29w
56702878w,29w
56762073w,29w
56762079w,29w
56762080w,29w
56762110w,29w
56791714w,29w
56791723w,29w
56791730w,29w
56824907w,29w
56824911w,29w
56824912w,29w
56824917w,29w
931434w,38w
106831541w,29w
106839138w,29w
167231w,183w
176792w,668w
187136w,148w
107370w,189w
130321w,41w
712335w,804w
807733w,183w
58641825w,29w
58889640w,17w
64399663w,142w
64449926w,184w
64485200w,29w
64485230w,215w
64485228w,215w
64485232w,215w
64495118w,403w
64520531w,20w
64520670w,20w
64533646w,159w
64533646w,212w
64559952w,28w
64590476w,35w
64590476w,55w
64590476w,183w
64606197w,40w
64637410w,213w
64692249w,33w
64705218w,43w
64705220w,43w
64705295w,43w
64705500w,43w
64759344w,159w
64760203w,159w
64761112w,159w
64769537w,159w
64797637w,159w
64809868w,145w
64819261w,145w
64819264w,145w
64821767w,183w
64821775w,183w
64822164w,183w
64822254w,183w
64822260w,183w
64824464w,213w
64828708w,142w
231140w,17w
234600w,878w
155443w,29w
155587w,159w
550252w,142w
555083w,29w
564822w,29w
587371w,17w
593411w,843w
623807w,884w
64987088w,29w
64987089w,29w
64987094w,29w
64987110w,29w
64987113w,29w
64987122w,29w
64987134w,29w
64987143w,29w
65011735w,38w
65015905w,38w
65028310w,38w
65028373w,38w
65051038w,30w
65099433w,408w
65100023w,408w
65100030w,408w
65121887w,241w
65132141w,774w
65337883w,96w
65460598w,96w
65465016w,96w
65494372w,96w
65494839w,96w
65497402w,96w
65497561w,96w
65497959w,96w
65498229w,96w
65498308w,96w
65498535w,96w
65531376w,414w
65531438w,298w
65531421w,750w
65531457w,298w
65531460w,298w
65531571w,736w
837991w,148w
841207w,41w
849517w,403w
208177w,34w
463735w,668w
464588w,183w
464588w,1747689w
460367w,17w
64759346w,159w
64760312w,159w
64760338w,159w
64787202w,159w
64811631w,145w
64811647w,145w
64811651w,145w
64811671w,145w
64811676w,145w
64811699w,145w
64811726w,145w
64811744w,145w
64811780w,145w
64811784w,145w
64811805w,145w
64811829w,145w
64811862w,145w
64811893w,145w
64811914w,145w
64811922w,183w
64811962w,183w
64811981w,183w
64812006w,183w
64812016w,183w
64812040w,183w
64812077w,183w
64812089w,183w
64812095w,183w
64812109w,183w
64812118w,183w
64812157w,183w
64812163w,183w
64812166w,183w
64812184w,183w
64812247w,183w
64812253w,183w
64812258w,183w
64812339w,183w
64812375w,183w
64812415w,183w
64812429w,183w
64812452w,183w
64812460w,183w
64812517w,183w
64812657w,183w
64816708w,145w
64822096w,183w
64822301w,183w
64830381w,142w
64850516w,29w
64850723w,29w
64981674w,29w
64987070w,29w
64987086w,29w
64987099w,29w
64987096w,29w
64987097w,29w
64987107w,29w
64987104w,29w
64987119w,29w
64987138w,29w
65531577w,419w
65531580w,419w
65531601w,419w
65531608w,419w
65531624w,419w
65531655w,419w
65531662w,419w
65531699w,419w
911970w,17w
916943w,668w
661752w,183w
663110w,39w
670092w,142w
675482w,148w
698448w,423w
701620w,17w
206219w,881w
206365w,38w
625586w,884w
626306w,884w
635199w,241w
638445w,212w
643026w,96w
4074487w,159w
4086016w,31w
4124195w,159w
4241666w,159w
4310021w,31w
4425586w,159w
4783879w,668w
5050352w,241w
5054954w,29w
5117160w,29w
5156589w,43w
5207638w,218w
5742377w,29w
5785943w,29w
5812486w,29w
5853068w,96w
5870690w,794w
384966w,38w
389210w,29w
1618277w,183w
17663113w,145w
20053321w,115w
64759347w,159w
64759345w,159w
64759956w,159w
64760162w,159w
64798100w,159w
64811684w,145w
64811690w,145w
64811703w,145w
64811716w,145w
64811741w,145w
64811778w,145w
64811851w,145w
64811849w,145w
64811876w,145w
64811901w,145w
64811909w,145w
64811932w,183w
64811959w,183w
64811983w,183w
64811991w,183w
64811988w,183w
64812033w,183w
64812058w,183w
64812075w,183w
64812082w,183w
64812113w,183w
64812127w,183w
64812136w,183w
64812182w,183w
64812190w,183w
64812233w,183w
64812280w,183w
64812285w,183w
64812335w,183w
64812395w,183w
64812501w,183w
64812510w,183w
64812533w,183w
64812562w,183w
106860601w,29w
106888013w,29w
106888777w,29w
106900415w,29w
106900416w,29w
106906739w,29w
106920678w,29w
106957989w,29w
106977839w,29w
303806w,33w
311341w,851w
318338w,733w
318338w,200464w
524956w,408w
525226w,183w
532466w,183w
555011w,29w
577372w,17w
532466w,1747689w
733344w,408w
734970w,30w
739802w,218w
775487w,159w
2152707w,79w
643715w,96w
653180w,17w
657882w,29w
478471w,117w
489260w,38w
284340w,214w
286426w,1049w
322287w,224w
13548161w,229w
15135455w,39w
15824602w,183w
16094566w,884w
16159046w,29w
16190015w,29w
16190022w,29w
16191687w,29w
16488677w,29w
16564814w,414w
16565564w,96w
16743875w,218w
16746430w,218w
969047w,403w
980694w,223w
999109w,408w
1012965w,29w
17645070w,145w
17645222w,145w
17650782w,145w
25212971w,223w
25990503w,29w
43148160w,29w
43148799w,29w
49641137w,17w
50934439w,222w
54820889w,29w
55588235w,38w
56233508w,29w
106781931w,29w
106839655w,29w
106839937w,29w
106840524w,29w
106873800w,29w
106874891w,29w
106882028w,29w
106889902w,29w
607668w,912w
618020w,218w
631051w,29w
648119w,159w
649055w,142w
651323w,16w
1414691w,17w
1436503w,183w
1493439w,668w
1538637w,159w
1570913w,183w
1579525w,399w
106603794w,29w
106614093w,29w
106627305w,29w
106627334w,29w
106627478w,29w
106634894w,29w
106653770w,29w
106899688w,29w
106899689w,29w
106901411w,29w
106906740w,29w
106908180w,29w
106920052w,29w
106920675w,29w
106922412w,29w
106925993w,29w
106942646w,29w
106966784w,29w
106979075w,29w
108017566w,40w
108017566w,183w
108017566w,214w
108028118w,148w
108028119w,148w
108039398w,230w
108039403w,230w
108040343w,145w
109892967w,858w
1062150w,837w
1064830w,17w
1071495w,38w
1075808w,96w
16891784w,145w
17001462w,148w
17447452w,55w
17510883w,145w
17650694w,145w
17770832w,20w
18199963w,29w
52063661w,30w
106592095w,29w
192981w,889w
472588w,117w
477232w,232w
259336w,148w
270983w,17w
64606190w,40w
64618642w,219w
64682822w,31w
64686790w,45w
64686791w,45w
64688323w,45w
64692250w,33w
64699245w,43w
64705215w,43w
64705217w,43w
64705498w,43w
64787655w,711w
64810749w,145w
64811595w,145w
64811610w,145w
64811643w,145w
64811654w,145w
64811663w,145w
64811668w,145w
64817808w,145w
64817813w,145w
64821779w,183w
64821783w,183w
64821780w,183w
64829487w,142w
106660680w,29w
106661256w,29w
106742109w,29w
500718w,298w
501097w,298w
501110w,298w
503712w,664w
539730w,29w
721817w,38w
732723w,224w
106661627w,29w
1294648w,399w
1303856w,38w
1309708w,55w
1322853w,869w
1309708w,1747689w
9079796w,219w
9082186w,29w
9187803w,36w
10345245w,155w
10359744w,155w
10540737w,34w
10661058w,29w
10829227w,881w
10840433w,881w
11368031w,17w
11378977w,17w
11395081w,17w
11447764w,17w
11549996w,17w
11678145w,17w
11747195w,36w
12115573w,212w
12259811w,29w
1144760w,408w
1149782w,29w
1157535w,17w
1208310w,30w
1351209w,17w
1362222w,114w
1404282w,924w
22980018w,142w
22997445w,142w
22997450w,142w
22997670w,142w
23707656w,31w
24138031w,29w
24961740w,96w
25934187w,29w
27892263w,155w
28173401w,668w
28503398w,29w
28518876w,29w
28667534w,159w
28682892w,17w
29015225w,265w
29015225w,15180w
29015225w,34266w
29574265w,34w
29583783w,38w
29583809w,38w
29583851w,142w
29583919w,183w
29583916w,183w
12266866w,29w
12266864w,29w
12437742w,668w
12579698w,232w
12583236w,423w
12584985w,884w
12592972w,884w
12607310w,884w
12615554w,884w
12622333w,884w
12722216w,218w
13437151w,31w
13437152w,31w
13469680w,184w
550502w,1183w
3685237w,38w
3748608w,1183w
3895632w,38w
4060347w,232w
106860598w,29w
106860602w,29w
106869655w,29w
106874889w,29w
106899687w,29w
106916916w,29w
107892669w,148w
108007062w,851w
108028129w,148w
108028151w,148w
108037419w,230w
2219451w,1005w
2256022w,29w
2271810w,38w
2274441w,29w
2309428w,39w
2347510w,408w
2350368w,31w
2393728w,30w
2441211w,31w
1026982w,241w
1034179w,804w
1048112w,218w
1049348w,142w
106675712w,29w
106675845w,29w
106685238w,29w
106715344w,29w
106729809w,29w
106739107w,29w
106756747w,29w
106766586w,29w
106766595w,29w
106766992w,29w
106767063w,29w
106767107w,29w
106770949w,29w
106771472w,29w
106772485w,29w
106774453w,29w
5903143w,29w
5910640w,29w
5911373w,29w
6062995w,800w
6121546w,96w
6807544w,668w
6921381w,408w
7005299w,668w
7214285w,155w
7414296w,96w
7499739w,16w
7678819w,668w
8071250w,148w
9034340w,29w
1025825w,794w
1072369w,686w
1100749w,16w
1137314w,34w
651314w,219w
661720w,29w
686773w,183w
325468w,96w
985595w,159w
1025339w,148w
1620833w,183w
1639468w,114w
1763364w,298w
1869866w,408w
20048515w,155w
20643274w,851w
20650483w,884w
24677919w,145w
32979655w,794w
48841031w,36w
55739617w,38w
64699201w,43w
64860434w,29w
2907w,750w
210957w,145w
213232w,96w
1330981w,142w
1353565w,258w
1426014w,31w
281844w,750w
285468w,17w
3301866w,262w
3301928w,16w
3821829w,96w
3848116w,96w
3848157w,45w
4915544w,851w
454019w,36w
464899w,96w
120314w,148w
125445w,148w
734915w,17w
748894w,29w
752218w,155w
3051521w,148w
3146149w,142w
3324041w,39w
3327474w,29w
3327561w,29w
3386955w,36w
3397615w,142w
3399144w,29w
3529714w,17w
2485097w,1019w
2528092w,31w
2559020w,232w
2585020w,17w
2598504w,148w
2629538w,29w
739065w,711w
738582w,16w
739065w,159w
742362w,213w
18464866w,29w
18464888w,29w
18464897w,29w
18482682w,29w
19839363w,29w
19864478w,30w
19871567w,408w
20059158w,29w
20400017w,878w
20492095w,29w
20492760w,29w
20822568w,55w
20967649w,55w
20985665w,29w
21235292w,38w
21652666w,17w
21893805w,408w
22504955w,29w
5047955w,45w
8038519w,16w
8343759w,736w
8343768w,155w
9643691w,77w
9672205w,45w
11605230w,148w
1920259w,1028w
1963564w,117w
1983409w,29w
2055623w,29w
2071706w,258w
2096005w,408w
2105432w,1005w
2119834w,1049w
2125633w,668w
334303w,145w
338245w,215w
367395w,28w
65531551w,736w
65531548w,736w
65531582w,419w
65531584w,419w
106594303w,29w
106685253w,29w
3895463w,38w
3957384w,29w
4099435w,29w
4128562w,159w
4304424w,159w
4342125w,813w
4417045w,159w
4504870w,15180w
4504870w,159w
4504870w,34266w
4504956w,159w
4936252w,36w
4047w,148w
9468w,668w
32378w,948w
2688899w,38w
2753218w,159w
2754277w,55w
2843637w,29w
2942289w,142w
2942348w,142w
2947290w,39w
2963122w,39w
2993117w,159w
2998035w,39w
3041140w,31w
3079585w,142w
3086365w,55w
3087076w,28025w
3087076w,17w
2887569w,29w
2899365w,29w
2908783w,31w
2925869w,28w
2925869w,40w
2935530w,29w
2942319w,142w
2942524w,29w
2982737w,414w
2985390w,668w
56702876w,29w
56786697w,29w
56791713w,29w
56791716w,29w
56824910w,29w
56824931w,29w
56824961w,29w
56824964w,29w
59504286w,183w
59914338w,29w
60461569w,265w
60845971w,1028w
63241198w,29w
64399664w,142w
64401905w,142w
64468643w,236w
64473318w,215w
64485231w,215w
64518165w,223w
64526756w,212w
64533632w,159w
64533632w,212w
64533643w,159w
64533643w,212w
64559955w,28w
64577166w,218w
64590517w,55w
64590591w,31w
64590591w,55w
1588443w,29w
1627991w,29w
1643787w,29w
29583954w,183w
29877009w,29w
29908610w,928w
30773293w,229w
31025121w,229w
31028244w,33w
31739566w,419w
35972933w,38w
36150780w,1041w
39090747w,241w
42449871w,29w
43129068w,29w
43147146w,29w
43147418w,29w
43147553w,29w
43148986w,29w
3111473w,29w
3111483w,29w
3119914w,29w
17645141w,145w
17645184w,145w
43148459w,29w
43148470w,29w
43148572w,29w
43148778w,29w
106888015w,29w
106959690w,29w
106978277w,29w
107287601w,55w
107892716w,148w
108039402w,230w
108040841w,38w
108076674w,1008w
113162530w,79w
1945612w,183w
1945612w,213w
2407530w,801w
2733427w,29w
2845953w,1025w
2916296w,1041w
60977w,822w
61535w,833w
46313w,28w
57357w,145w
677447w,159w
56824973w,29w
61861405w,29w
63872704w,29w
64398333w,191w
64399599w,142w
64443045w,29w
64450064w,184w
64450698w,184w
64450697w,184w
64485227w,215w
64520785w,20w
64532571w,34w
64532616w,159w
64559949w,28w
64559954w,28w
64590521w,183w
64606184w,40w
64686735w,45w
64686794w,45w
64686793w,45w
64688007w,45w
64688321w,45w
64699212w,43w
64759234w,159w
64759342w,159w
64759343w,159w
64760090w,159w
64760342w,159w
64760372w,159w
1678694w,183w
1714967w,35w
1728464w,41w
1740891w,96w
1742795w,41w
1818061w,29w
1889313w,398w
64812598w,183w
64812633w,183w
64812668w,183w
64812684w,183w
64816711w,145w
64816712w,145w
64830379w,142w
64850279w,29w
64850895w,29w
64987063w,29w
64987068w,29w
64987092w,29w
64987115w,29w
65007092w,232w
65007106w,232w
65007959w,38w
65007982w,38w
65010252w,38w
65011428w,38w
65028465w,38w
65099463w,408w
65099475w,408w
65100035w,408w
65100038w,408w
65100049w,408w
65114345w,800w
65156372w,965w
65331250w,96w
65339274w,96w
65461902w,96w
65465039w,96w
65493544w,96w
65494516w,96w
65494575w,96w
65497620w,96w
65498998w,96w
65517711w,30w
65531412w,414w
65531426w,298w
65531435w,298w
65531433w,298w
65531443w,298w
65531464w,298w
65531472w,298w
65531492w,298w
43152021w,29w
43152032w,29w
43176609w,29w
179570w,948w
644288w,38w
130025w,96w
156093w,843w
13383295w,17w
15732525w,145w
16324987w,223w
16363480w,145w
16886870w,804w
16920958w,38w
16946829w,230w
16965955w,252w
756815w,25w
766270w,242w
776727w,213w
3635169w,668w
3664901w,38w
3772508w,242w
3796698w,142w
3860567w,38w
3861452w,38w
3892852w,794w
3892852w,796w
817250w,668w
829483w,218w
840462w,145w
849273w,34w
853265w,96w
43151517w,29w
43152249w,29w
43176887w,29w
43178279w,29w
43178345w,29w
46589461w,29w
49505699w,96w
49663210w,17w
55586076w,38w
56044734w,29w
56190543w,29w
56307516w,159w
56317315w,96w
56702866w,29w
56702871w,29w
56702868w,29w
56762102w,29w
56824920w,29w
368346w,38w
375604w,159w
383659w,29w
387687w,218w
2459376w,148w
2472393w,142w
2491526w,142w
2513161w,29w
2694812w,55w
2722506w,38w
106772783w,29w
106774275w,29w
106774283w,29w
106782885w,29w
548153w,668w
551959w,142w
588680w,159w
600062w,38w
620593w,43w
744552w,38w
832262w,1020w
501433w,298w
507390w,29w
515850w,55w
517633w,114w
542944w,38w
515850w,1747689w
1647616w,29w
1681727w,142w
1683260w,148w
3321893w,148w
3333420w,668w
3342246w,17w
3471662w,29w
3540839w,884w
3732061w,29w
3897006w,29w
3983167w,38w
4061458w,159w
4201793w,159w
4214337w,232w
4237958w,159w
312118w,39w
329967w,38w
975568w,881w
1010268w,142w
1025354w,31w
1026991w,241w
106627423w,29w
106635156w,29w
106635216w,29w
106639207w,29w
106641881w,29w
106641966w,29w
106642186w,29w
106660679w,29w
106676217w,29w
106740329w,29w
106753917w,29w
106754088w,29w
106759854w,29w
106763975w,29w
7559997w,668w
7590832w,224w
7777497w,29w
7818621w,881w
8343763w,96w
9186871w,36w
9710075w,183w
10283837w,45w
10344994w,155w
10508756w,35w
1713486w,183w
1735350w,183w
1736171w,142w
1785732w,668w
1811200w,31w
1839114w,142w
1848058w,408w
1850707w,31w
1877576w,148w
1880010w,30w
1735350w,1747689w
215992w,414w
259313w,40w
697278w,17w
703480w,43w
710359w,17w
717842w,218w
156439w,183w
157886w,183w
106540w,974w
106540w,1036w
2887041w,142w
2887123w,29w
65122987w,241w
65455940w,96w
65926560w,1028w
65965285w,148w
66053233w,159w
97633694w,29w
99237891w,155w
105136101w,794w
106581048w,29w
106587787w,29w
106590088w,29w
106595800w,29w
106600802w,29w
106602320w,29w
106614026w,29w
106615201w,29w
108016068w,419w
108094935w,142w
108304246w,35w
109928815w,31w
5052171w,16w
5061406w,796w
5142855w,29w
5313281w,668w
5471183w,16w
5557613w,29w
5613948w,155w
5754016w,29w
5785815w,29w
5906111w,794w
5910596w,29w
5910716w,29w
5912878w,29w
5954835w,794w
6018547w,96w
6050194w,29w
6172516w,29w
6656875w,884w
6763186w,884w
6898311w,29w
7261843w,668w
7489301w,794w
5790364w,29w
5902611w,29w
5910046w,29w
5910087w,29w
5910547w,29w
5910632w,29w
5910709w,29w
5912161w,29w
5917616w,29w
6021380w,29w
6021397w,29w
6065646w,29w
6122177w,837w
6786247w,884w
6898295w,29w
7126334w,29w
7461875w,889w
7481171w,881w
7562736w,155w
868799w,414w
907052w,28025w
907052w,17w
889902w,837w
952235w,142w
962131w,948w
1013209w,17w
1024723w,29w
272968w,38w
308893w,974w
916230w,29w
1278218w,29w
1335616w,252w
1340954w,843w
1377456w,148w
10914521w,148w
11036331w,148w
11052488w,148w
11054608w,148w
11151508w,148w
11357149w,17w
11376150w,17w
11379141w,17w
11411025w,17w
11415923w,17w
11428445w,17w
11514205w,17w
11555978w,17w
11576219w,17w
11637613w,17w
11642740w,17w
11645001w,17w
11664922w,17w
11681626w,148w
43473w,424w
5197044w,38w
7126276w,38w
7619083w,881w
10942550w,115w
11586447w,17w
12287890w,219w
20650127w,38w
20652595w,38w
20669448w,38w
22687629w,851w
56473964w,38w
58917650w,28w
114439265w,38w
1137661w,1246w
1136998w,213w
1158530w,148w
215429w,31w
231699w,38w
468405w,38w
1026971w,241w
1046891w,408w
1049301w,31w
1049579w,31w
1072125w,17w
1110926w,38w
331603w,668w
374365w,851w
929965w,30w
936884w,34w
938223w,843w
945913w,17w
1438648w,55w
1504317w,41w
1519685w,39w
1577600w,408w
1580293w,408w
1584774w,41w
1630697w,29w
4125922w,159w
4991540w,924w
4991540w,114w
465960w,414w
465960w,155w
471717w,214w
964116w,1019w
1163298w,142w
1163620w,41w
1165327w,408w
1185336w,16w
1233234w,38w
1258082w,41w
501638w,17w
573558w,1042w
588417w,298w
393841w,858w
447441w,183w
2094778w,38w
2212483w,142w
4580w,38w
4580w,39w
4580w,40w
4580w,142w
4580w,183w
4580w,215w
108040345w,145w
108040840w,38w
108040845w,38w
108076648w,1008w
52631w,29w
1535245w,836w
1537302w,142w
1538662w,148w
1542372w,241w
1590899w,1005w
1626365w,79w
838264w,159w
842328w,252w
846967w,702w
523026w,38w
1279458w,38w
1473122w,38w
1768461w,38w
2031943w,38w
7592228w,145w
7827112w,241w
8187798w,45w
8189796w,148w
10275709w,155w
10428494w,668w
10487604w,34w
10624826w,34w
11357710w,17w
11434795w,17w
11436294w,17w
11441985w,17w
11447744w,17w
93643w,17w
106187w,145w
16990w,38w
16544603w,29w
106576680w,29w
106614282w,29w
106614328w,29w
106763948w,29w
106767101w,29w
106774348w,29w
106774422w,29w
106775712w,29w
106840442w,29w
106874890w,29w
106882031w,29w
106882029w,29w
106901412w,29w
106906738w,29w
106916529w,29w
106916913w,29w
4261227w,159w
4299509w,159w
4410694w,212w
4504891w,159w
4894543w,29w
5166337w,29w
5350970w,30w
5369516w,423w
5445622w,1028w
5524023w,45w
5642786w,884w
5717423w,29w
47721w,252w
51812w,38w
186282w,237w
205711w,159w
11476069w,17w
11651650w,17w
11659317w,17w
11681656w,29w
11682913w,29w
11721845w,55w
11745863w,36w
11957751w,20w
12065255w,229w
12158301w,212w
12168656w,212w
12257985w,29w
12386327w,29w
12516225w,252w
64830883w,142w
99020145w,31w
490497w,884w
495241w,884w
495733w,884w
385086w,229w
852433w,685w
873358w,148w
2748597w,17w
2879086w,142w
2881128w,29w
2884262w,29w
2927805w,833w
2989048w,96w
3015170w,971w
3079519w,142w
3096875w,142w
3215406w,142w
3256743w,142w
3311039w,31w
1064331w,233w
1070863w,17w
1126464w,142w
1130947w,29w
1137953w,29w
1146038w,17w
7263w,252w
40729w,810w
43332w,38w
616912w,39w
622865w,28w
629436w,784w
767128w,794w
837642w,414w
943327w,232w
964745w,30w
1921177w,31w
2065592w,298w
2066497w,38w
2083583w,142w
2084394w,38w
112738w,29w
115253w,794w
155188w,843w
1777218w,142w
1787397w,38w
1787480w,38w
1808591w,38w
1812874w,29w
1817089w,142w
1721075w,858w
1722579w,858w
1721920w,79w
1725740w,29w
1736213w,142w
1740567w,858w
1741668w,17w
15241016w,142w
15935866w,148w
15945389w,142w
15945393w,142w
15950372w,142w
16031521w,38w
16094363w,884w
16159079w,29w
16518040w,29w
16735815w,218w
16745669w,218w
17210757w,17w
17633458w,38w
17662936w,145w
17669775w,145w
18006394w,29w
18172786w,29w
18649472w,38w
21711238w,858w
64759822w,159w
1365882w,17w
1400400w,40w
1414019w,29w
1434086w,36w
1455908w,38w
1474363w,962w
5938w,183w
29000652w,403w
29000652w,224w
29000652w,225w
29000652w,236w
52112669w,32w
55312553w,183w
63863168w,30w
64532917w,159w
64532917w,212w
35584069w,219060w
5903071w,29w
5910070w,29w
5911296w,29w
5911924w,29w
5942066w,794w
5953871w,794w
5995726w,43w
6033747w,29w
6102184w,29w
6112670w,148w
6555424w,148w
7126329w,29w
7144236w,837w
7148813w,155w
7419595w,29w
7461890w,889w
7494223w,668w
7568810w,242w
603622w,159w
614212w,224w
219279w,419w
314730w,183w
81150w,711w
81150w,159w
4360240w,159w
4378761w,159w
4504676w,159w
4574494w,20w
4709426w,29w
5087986w,668w
5117120w,29w
5118024w,218w
5477347w,29w
5609778w,668w
5641714w,242w
5722042w,29w
5755441w,29w
5757957w,29w
5758514w,96w
5760923w,29w
5810251w,29w
2198503w,55w
2202439w,183w
2299393w,38w
2315498w,142w
2332862w,31w
2368048w,711w
2368048w,159w
2419297w,159w
2481155w,142w
7818624w,423w
7818931w,17w
7826989w,29w
7882094w,155w
8023299w,408w
8047910w,965w
8248962w,219w
8352475w,29w
8987100w,39w
10359742w,155w
10788178w,881w
10864998w,148w
43176868w,29w
43178356w,29w
48751867w,17w
49787421w,29w
55616283w,843w
106576692w,29w
106603664w,29w
106627791w,29w
106634564w,29w
106634733w,29w
106634759w,29w
106642093w,29w
106650277w,29w
106676066w,29w
106678102w,29w
106704804w,29w
106729760w,29w
106754261w,29w
106757836w,29w
10890897w,148w
10918558w,148w
10949515w,148w
11096692w,148w
11296586w,17w
11357227w,17w
11378467w,17w
11567538w,17w
11648027w,17w
11650613w,17w
11664537w,17w
11918155w,29w
12088330w,159w
12120808w,15180w
12120716w,159w
12120808w,159w
12242699w,79w
12244566w,948w
12258204w,29w
1194252w,668w
1193715w,148w
1224490w,38w
1318387w,117w
1324513w,38w
1330939w,148w
1361324w,96w
211252w,29w
216243w,668w
876451w,750w
930784w,29w
4010w,148w
106884972w,29w
106884973w,29w
106886065w,29w
106888007w,29w
106888014w,29w
3137544w,29w
3138683w,39w
3213480w,717w
3223254w,142w
3272162w,39w
3290373w,38w
3295780w,30w
3346918w,29w
3374972w,155w
3407649w,41w
3505461w,39w
3522009w,668w
64829599w,142w
97641889w,29w
1498242w,1019w
1510389w,96w
1818952w,258w
1862652w,38w
1897419w,43w
1923610w,31w
6730067w,148w
6730196w,148w
7751872w,17w
9696155w,148w
679568w,408w
679114w,183w
1026415w,211w
1055749w,17w
3391360w,155w
3962345w,1049w
3991738w,822w
4310094w,148w
12164w,29w
17839w,38w
45949w,424w
2698156w,38w
2717874w,29w
2724894w,668w
2858167w,29w
3909051w,38w
64762544w,159w
64762573w,159w
64787679w,711w
64810747w,145w
64819269w,145w
64821782w,183w
64822163w,183w
64829135w,142w
19829w,38w
19846w,38w
19850w,38w
910189w,241w
927535w,28w
10810559w,881w
15233334w,29w
15660376w,148w
15661566w,96w
15813909w,183w
16961872w,159w
17255635w,29w
17277938w,836w
17494587w,928w
19285921w,183w
157603w,750w
157603w,155w
56702879w,29w
56702881w,29w
56762075w,29w
56762112w,29w
56786698w,29w
56791720w,29w
56791726w,29w
598892w,38w
665878w,45w
718001w,148w
742315w,155w
3571711w,29w
3581113w,142w
3662629w,38w
65559517w,155w
65643600w,262w
65643607w,262w
65685311w,965w
65827938w,79w
65894506w,1005w
65921574w,1025w
65921575w,1025w
65920625w,114w
65923223w,17w
65944718w,948w
65944810w,948w
65953830w,889w
65953996w,398w
65954003w,398w
65954009w,398w
65954034w,398w
65954032w,398w
65954036w,398w
65954041w,398w
65954048w,398w
65965547w,148w
65966771w,148w
65980441w,148w
66000301w,668w
66000307w,668w
66011647w,29w
66057935w,794w
66057603w,252w
66057600w,252w
118434w,29w
122225w,884w
179506w,739w
188694w,222w
754791w,1030w
833781w,142w
838256w,15180w
838256w,159w
838256w,34266w
838256w,186096w
7505w,159w
4570262w,148w
4579079w,148w
4587786w,148w
4920250w,148w
5582862w,419w
1982368w,408w
1992190w,212w
2031664w,38w
2059598w,159w
2114759w,183w
2160663w,29w
2197993w,928w
540237w,145w
593870w,159w
499552w,148w
508040w,945w
12262837w,29w
12295048w,219w
12390602w,29w
12595557w,884w
12724133w,218w
12881190w,229w
12946982w,837w
13116281w,668w
14545548w,39w
15100730w,55w
15108724w,668w
389269w,142w
457304w,974w
499517w,810w
39231w,17w
1343339w,657w
1778266w,142w
2274974w,794w
2468771w,79w
2603196w,739w
106622545w,29w
106627225w,29w
106627401w,29w
106634835w,29w
106635209w,29w
106641947w,29w
106642141w,29w
106649393w,29w
106655702w,29w
106686775w,29w
106753307w,29w
106755612w,29w
106756751w,29w
106759687w,29w
106763974w,29w
106766594w,29w
106767090w,29w
106771502w,29w
66057943w,794w
66057992w,796w
66058300w,29w
66089879w,17w
66089906w,17w
66111215w,17w
66124367w,17w
66124365w,17w
66124380w,17w
66124381w,17w
66132609w,819w
66132613w,819w
66133758w,423w
66133763w,423w
66133772w,423w
66133964w,842w
66134053w,842w
66145758w,851w
66145797w,851w
66197765w,884w
66207286w,878w
66207325w,878w
66814065w,45w
97353441w,668w
97630210w,29w
100329356w,796w
106581046w,29w
106592096w,29w
106594054w,29w
106594052w,29w
106594820w,29w
106602318w,29w
106602719w,29w
106610204w,29w
106614024w,29w
106614025w,29w
56824962w,29w
59537217w,29w
61055538w,842w
64152043w,29w
64485181w,29w
64485226w,215w
64520671w,20w
64520669w,20w
64532617w,159w
64533634w,159w
64533634w,212w
64590518w,55w
64590524w,35w
64686736w,45w
64686789w,45w
64686803w,45w
64688322w,45w
64705216w,43w
64705293w,43w
64810759w,145w
64811589w,145w
64811613w,145w
64811617w,145w
64821776w,183w
64824447w,183w
64824456w,213w
64824461w,213w
64828706w,142w
64828707w,142w
64828710w,142w
64829483w,142w
4176w,183w
6762281w,884w
6976461w,34w
7069686w,408w
7587704w,145w
7800231w,148w
7818615w,881w
8048278w,17w
8203738w,29w
8987086w,39w
8987580w,39w
9007668w,29w
9034981w,29w
9059484w,29w
9068219w,219w
10344996w,155w
10345027w,155w
45865w,884w
948975w,298w
948975w,414w
948975w,419w
948975w,739w
948975w,736w
948975w,750w
11746661w,36w
12013408w,31w
12168573w,212w
12264881w,29w
12290096w,219w
12397290w,29w
12443091w,668w
12589757w,884w
12593183w,884w
12599700w,884w
12614438w,884w
13511216w,252w
13537132w,212w
14545501w,39w
15522768w,29w
15728389w,29w
55619850w,414w
55619850w,668w
55619850w,17w
55619850w,31w
55619850w,39w
55619850w,142w
55619850w,183w
177549w,858w
18785541w,142w
19406822w,39w
43147883w,29w
43148120w,29w
43176616w,29w
43176651w,29w
64699247w,43w
106590086w,29w
106637537w,29w
50711w,183w
61089w,833w
5994983w,414w
7293002w,668w
10293286w,38w
10444176w,142w
10532185w,34w
10532185w,33w
4492013w,159w
5522381w,148w
5597433w,668w
5794156w,29w
5909860w,29w
5911138w,29w
5937813w,794w
5959353w,794w
6021321w,29w
6021763w,43w
6102071w,29w
6378115w,96w
6549934w,408w
6559265w,794w
1728322w,79w
65617154w,419w
65643540w,262w
65643603w,262w
65643679w,262w
65648486w,30w
65660767w,962w
65921506w,912w
65920624w,114w
65937532w,258w
65937872w,1049w
65944713w,948w
65944720w,948w
65944812w,948w
65953993w,398w
65954006w,398w
65954040w,398w
65954049w,398w
65965323w,148w
65966790w,148w
65980283w,232w
65998127w,668w
66000304w,668w
66004175w,668w
66011634w,29w
66011645w,29w
66011649w,29w
66023239w,252w
66054740w,183w
66057595w,252w
106615187w,29w
106627436w,29w
66545466w,252w
66582204w,252w
107694185w,230w
26721344w,77w
32904732w,223w
42725548w,902w
47800464w,1032w
55306582w,884w
55523908w,142w
64176391w,25279w
64596229w,40w
64955212w,29w
65016468w,38w
65685157w,965w
48605w,811w
17722w,31w
18353w,38w
284817w,1013w
3116466w,39w
3156096w,252w
3279767w,142w
3320252w,29w
3320377w,159w
3328236w,39w
3328247w,39w
3364599w,159w
3372384w,148w
3390174w,29w
3396831w,142w
3397393w,142w
3398340w,29w
3431966w,183w
3477679w,39w
3531702w,29w
3533131w,854w
3896981w,29w
4228743w,159w
4241648w,159w
4241648w,34266w
4261794w,36w
4271072w,159w
4334119w,159w
4359569w,159w
4456495w,159w
4469611w,212w
79395074w,219060w
64861487w,29w
65961372w,148w
66056891w,36w
96098109w,148w
106762537w,227w
107715736w,884w
116448209w,822w
9007153w,29w
9187387w,212w
9187742w,36w
9386781w,36w
10345249w,155w
10724627w,211w
11370708w,17w
21468226w,159w
109929238w,31w
71229w,148w
19868w,38w
23048w,183w
32434w,794w
31416w,159w
215003w,45w
66057941w,794w
66057946w,794w
66057981w,796w
66057985w,796w
66064557w,29w
66064563w,29w
66087932w,17w
66092176w,17w
66111203w,17w
66111209w,17w
66124362w,17w
66124385w,17w
66132601w,819w
66132608w,819w
66132614w,819w
66133228w,833w
66133294w,711w
66133770w,423w
66133769w,423w
66134051w,842w
66197435w,884w
66210484w,265w
66311154w,884w
66438860w,29w
97356733w,668w
97377968w,668w
106580785w,29w
106590081w,29w
106590084w,29w
106599393w,29w
106602678w,29w
106603187w,29w
106610203w,29w
10500933w,34w
10878885w,148w
10889854w,17w
10943106w,17w
10948766w,148w
11070959w,148w
11359978w,17w
11410610w,17w
11429120w,17w
11553669w,17w
11669662w,17w
11680575w,30w
11682361w,29w
11699077w,29w
19838w,38w
19856w,38w
45178w,408w
44615w,148w
1075681w,218w
1121835w,55w
1165562w,691w
1294802w,858w
106766596w,29w
106772377w,29w
106775660w,29w
106781978w,29w
106782969w,29w
106783074w,29w
106861898w,29w
106901418w,29w
106916341w,29w
106916414w,29w
106922411w,29w
106924084w,29w
106925995w,29w
108006749w,851w
108007075w,851w
108040342w,145w
108097006w,298w
205131w,148w
15822252w,183w
15945427w,142w
16190018w,29w
16749640w,218w
16891508w,668w
17134054w,258w
17650705w,145w
17781581w,142w
19407134w,225w
19694104w,29w
19913402w,29w
20042067w,17w
20045209w,17w
20053510w,29w
20083782w,142w
20246727w,96w
21293199w,142w
21515108w,96w
21653043w,17w
21653676w,17w
12842301w,227w
97227420w,227w
106614219w,29w
106614367w,29w
106614406w,29w
106627360w,29w
106634877w,29w
106666281w,29w
106727293w,29w
106752858w,29w
106759343w,29w
106759499w,29w
106760443w,29w
60356947w,215w
63614908w,115w
64151816w,29w
64401614w,142w
64462252w,37w
64462276w,37w
64462277w,37w
64485201w,29w
64495121w,403w
64520529w,20w
64526754w,212w
64526758w,212w
64533640w,159w
64533640w,212w
64559951w,28w
64559956w,28w
64590523w,35w
64686795w,45w
64686800w,45w
64705203w,43w
64797636w,159w
64810761w,145w
64811593w,145w
64811607w,145w
64811609w,145w
64811614w,145w
64811625w,145w
64811634w,145w
495266w,884w
500215w,298w
501103w,298w
505574w,38w
15221022w,38w
15623665w,38w
15965460w,29w
16522830w,750w
16913064w,38w
17132483w,224w
17374397w,183w
20643889w,20w
148083w,15180w
148083w,159w
148083w,34266w
17645160w,145w
17650686w,145w
17663121w,145w
43117936w,29w
43131148w,29w
43148074w,29w
43148790w,29w
43148814w,29w
43149126w,29w
43150756w,29w
43151479w,29w
106594050w,29w
21855817w,29w
22980118w,142w
24503389w,96w
25475308w,29w
25475470w,29w
25999281w,29w
26155340w,29w
26156625w,29w
26258009w,38w
27123972w,29w
28035249w,668w
28220815w,155w
28379793w,34w
29583906w,183w
29583940w,142w
29583944w,183w
29583970w,183w
31024939w,229w
31281632w,29w
37636297w,869w
38253663w,142w
42449594w,29w
42673362w,29w
43090271w,29w
201469w,30w
168518w,796w
2620036w,419w
2789507w,142w
2904503w,34w
2962401w,38w
2962401w,39w
205136w,29w
331409w,142w
334406w,142w
335618w,17w
430626w,17w
43176586w,29w
49646126w,17w
53556453w,229w
55659000w,159w
55758932w,29w
55773615w,29w
56275601w,878w
56546092w,142w
56702863w,29w
56753548w,29w
56762098w,29w
56762097w,29w
56762100w,29w
56824947w,29w
59537317w,29w
632003w,29w
646564w,29w
660758w,38w
814907w,148w
816437w,145w
821860w,29w
751077w,750w
752505w,38w
770459w,142w
770666w,29w
726863w,962w
726863w,965w
726863w,1032w
307268w,805w
319841w,79w
251999w,408w
251873w,183w
255079w,30w
516770w,183w
534596w,801w
11407776w,17w
11423449w,17w
11467749w,17w
11487395w,17w
11489085w,17w
11523143w,17w
11544148w,17w
11689669w,212w
11945001w,29w
12242839w,79w
12264649w,29w
12555944w,813w
12583238w,423w
12584692w,884w
14401911w,29w
14753174w,212w
15268437w,155w
15726137w,423w
583589w,17w
700448w,17w
776113w,29w
181007w,43w
200693w,213w
212773w,774w
212867w,29w
1135796w,408w
491454w,884w
508866w,17w
519907w,183w
530208w,183w
550346w,159w
555360w,1028w
219898w,225w
220951w,159w
295408w,403w
316137w,183w
318196w,183w
327940w,29w
318196w,1747689w
538061w,948w
584285w,55w
616578w,159w
625744w,884w
631128w,16w
584285w,1747689w
839048w,148w
839456w,79w
855003w,55w
940746w,142w
986750w,17w
1013353w,29w
387517w,38w
463179w,30w
847628w,142w
917814w,403w
798018w,29w
815443w,31w
817274w,262w
837285w,31w
474982w,183w
478258w,38w
20655875w,148w
20714332w,30w
20984985w,29w
20985663w,29w
20985667w,29w
21077208w,79w
22667662w,29w
22712523w,29w
22939546w,142w
22997374w,142w
22997449w,142w
25453605w,33w
26272095w,241w
26477027w,96w
27004540w,29w
27702994w,711w
28682698w,17w
28844272w,148w
29583903w,39w
29583900w,142w
29583914w,39w
29583959w,39w
64577165w,218w
65007954w,38w
106581047w,29w
106592097w,29w
1539949w,29w
1573530w,408w
1584958w,408w
1589509w,29w
1648266w,668w
1746901w,183w
1746901w,1747689w
221716w,17w
1013399w,17w
1015194w,424w
1028566w,252w
1046403w,17w
1047061w,148w
597051w,29w
608580w,265w
613720w,843w
1234019w,148w
1241298w,38w
1246842w,29w
15916405w,148w
16190020w,29w
16449586w,29w
16638480w,96w
17029338w,218w
17347087w,39w
17986288w,30w
18540850w,218w
18775974w,55w
18991024w,17w
19407127w,225w
19852577w,148w
20043361w,17w
20052787w,29w
20534933w,29w
20645774w,794w
505935w,145w
507282w,29w
1062357w,419w
1075172w,218w
1086358w,31w
500226w,298w
500764w,298w
500444w,41w
513893w,29w
458821w,183w
463874w,668w
477898w,794w
477251w,183w
20717679w,39w
20901153w,29w
21013568w,29w
21081307w,29w
21963503w,142w
22666758w,29w
22674807w,142w
22829854w,29w
22932202w,142w
24058712w,29w
24082981w,766w
24931501w,159w
25394840w,159w
361060w,29w
384813w,41w
640870w,214w
641741w,183w
663836w,183w
665154w,29w
669194w,29w
735278w,213w
1759226w,17w
1764282w,813w
1787362w,38w
1816823w,142w
1861129w,252w
867537w,148w
876691w,40w
893407w,408w
923921w,801w
924769w,55w
584366w,233w
1868633w,38w
1881679w,31w
1951559w,230w
1984155w,29w
2036701w,414w
387097w,29w
392215w,142w
392877w,155w
432483w,96w
15954398w,29w
16511573w,881w
16552501w,29w
16677650w,229w
16915942w,29w
17498501w,148w
17587697w,29w
18464907w,29w
18482716w,29w
18712797w,38w
18915139w,79w
19753095w,142w
19829180w,142w
19844597w,29w
19883383w,29w
664376w,39w
679173w,183w
684811w,218w
711386w,148w
740076w,41w
451698w,79w
457453w,213w
464566w,145w
555427w,142w
562529w,884w
573975w,183w
576339w,29w
7865260w,145w
9850285w,155w
10351991w,38w
11257230w,45w
12012965w,55w
15602246w,38w
15604681w,858w
15604441w,38w
16434635w,265w
16434635w,232w
336354w,214w
338889w,227w
106833525w,29w
106840443w,29w
106860599w,29w
106862234w,29w
106874888w,29w
106888011w,29w
106938022w,29w
1903w,38w
106661857w,29w
106675111w,29w
106675115w,29w
106675112w,29w
106675116w,29w
106675970w,29w
106675971w,29w
106675969w,29w
106675972w,29w
106676160w,29w
106676230w,29w
106680016w,29w
11747186w,36w
12012848w,55w
12013371w,31w
12217059w,1049w
12390601w,29w
12584758w,884w
12608241w,884w
12731246w,218w
14468710w,29w
14754967w,20w
15274875w,29w
15465087w,159w
15623656w,148w
15726304w,801w
56824948w,29w
59521226w,29w
61119396w,214w
62018908w,878w
64152097w,29w
64418433w,222w
64450694w,184w
64468766w,236w
64485088w,215w
64526926w,212w
64533637w,159w
64533637w,212w
64590520w,183w
64618280w,219w
64682823w,31w
64686788w,45w
64686798w,45w
64686797w,45w
64686804w,45w
64699411w,43w
64705219w,43w
64746361w,159w
64787482w,159w
64787575w,159w
64809869w,145w
64809999w,145w
64810745w,145w
64811582w,145w
64811603w,145w
64811600w,145w
64811605w,145w
64811619w,145w
64811632w,145w
64811646w,145w
64811656w,145w
64811662w,145w
64811660w,145w
64811674w,145w
64811673w,145w
64811729w,145w
64811762w,145w
64811768w,145w
64811792w,145w
64811800w,145w
64811823w,145w
64811870w,145w
64811874w,145w
64811889w,145w
64811907w,145w
64811937w,183w
64811957w,183w
64811965w,183w
64811979w,183w
64811985w,183w
64811995w,183w
64819193w,145w
19830w,38w
19851w,38w
28769w,148w
478417w,38w
480763w,142w
484931w,884w
1015090w,183w
1053880w,114w
1076391w,29w
2362998w,55w
2391905w,142w
1015090w,1747689w
107783704w,55w
108028145w,148w
108040853w,38w
108097007w,298w
536682w,29w
547375w,657w
551256w,183w
4008w,148w
1254826w,117w
1256487w,38w
34123w,38w
41135w,148w
17768w,38w
19824w,38w
5901w,31w
13674w,38w
605897w,668w
607045w,668w
624128w,884w
623448w,29w
625663w,884w
639193w,258w
638250w,142w
1104231w,408w
1105244w,408w
1132299w,858w
1145547w,96w
1150800w,29w
849318w,96w
1010335w,711w
1077596w,1020w
2470834w,786w
2710055w,142w
2840764w,96w
2860218w,805w
1261870w,878w
1262976w,38w
1427246w,117w
1432983w,159w
1473630w,148w
1476235w,17w
64812198w,183w
64812207w,183w
64812238w,183w
64812302w,183w
64812354w,183w
64812362w,183w
64812513w,183w
64812558w,183w
64812567w,183w
64812583w,183w
64812666w,183w
64812679w,183w
64816707w,145w
64816705w,145w
64821763w,183w
64821770w,183w
64821772w,183w
64821777w,183w
64822253w,183w
64828687w,142w
64829417w,142w
64829521w,142w
64830380w,142w
64848313w,29w
64861223w,29w
64862187w,29w
64862527w,29w
64957747w,29w
64987075w,29w
64987077w,29w
64987108w,29w
64987117w,29w
64987131w,29w
64987129w,29w
64987141w,29w
65099480w,408w
65100016w,408w
65121603w,241w
65132029w,774w
65132707w,774w
65334605w,96w
65460837w,96w
65492907w,96w
65494311w,96w
115139w,794w
122281w,142w
152339w,183w
60945w,822w
57951w,183w
43148065w,29w
43148415w,29w
43148508w,29w
43148957w,29w
43149104w,29w
55369197w,38w
64759249w,159w
64759474w,159w
64759920w,159w
64760000w,159w
64760340w,159w
64787245w,159w
64798105w,711w
64811640w,145w
64811649w,145w
64811677w,145w
64811687w,145w
64811706w,145w
64811732w,145w
64811739w,145w
64811771w,145w
64811797w,145w
64811846w,145w
64811904w,145w
64811925w,183w
64811934w,183w
64811943w,183w
64811951w,183w
64811972w,183w
64812004w,183w
64812027w,183w
64812038w,183w
64812043w,183w
64812046w,183w
64812052w,183w
64812115w,183w
64812120w,183w
64812134w,183w
64812195w,183w
64812193w,183w
17645232w,145w
49641014w,17w
52601407w,29w
55231370w,29w
56358614w,794w
56429889w,29w
56702860w,29w
56702861w,29w
56762074w,29w
56762078w,29w
56762099w,29w
56791731w,29w
56791728w,29w
65494394w,96w
65496835w,96w
65497597w,96w
65498521w,96w
65519107w,30w
65531239w,414w
65531400w,414w
65531407w,414w
65531424w,298w
65531440w,298w
25475755w,29w
25931399w,668w
26883023w,29w
29575881w,38w
29583911w,39w
29583908w,142w
29583963w,183w
29583980w,39w
29908605w,928w
31279509w,805w
35973050w,38w
43082214w,29w
43147139w,29w
43147311w,29w
43147468w,29w
43147765w,29w
16434635w,813w
17163322w,38w
17277933w,813w
17277933w,148w
17277933w,232w
17304996w,712w
2046262w,148w
2067282w,29w
2089258w,55w
2117586w,29w
2147036w,730w
2146288w,96w
618394w,148w
618495w,43w
624623w,884w
624623w,18097w
1165035w,159w
1193122w,148w
1202871w,17w
1522939w,408w
1559411w,403w
1568660w,41w
1621200w,159w
22939949w,142w
22997377w,142w
22998467w,142w
24087733w,29w
25377043w,1008w
25378145w,884w
25414759w,96w
28149649w,155w
28670361w,38w
28682780w,17w
29583889w,40w
29583920w,38w
29583952w,40w
29583956w,183w
29583966w,183w
29583969w,183w
29583973w,183w
30028107w,148w
31024834w,229w
38253159w,142w
39258498w,29w
39258498w,45w
41679828w,96w
42524888w,29w
43074263w,29w
43084257w,29w
43094155w,29w
1478558w,145w
1494461w,142w
1505447w,34w
1522451w,96w
2143101w,750w
2149036w,801w
2157178w,159w
2167520w,265w
2166734w,55w
2177952w,858w
2191998w,213w
822842w,810w
838920w,145w
66132604w,819w
66132605w,819w
66132611w,819w
66133226w,833w
66133767w,423w
66134639w,843w
66134817w,843w
66134822w,843w
66145742w,851w
66145781w,851w
66197439w,884w
66198233w,884w
66204303w,858w
66311161w,884w
97288337w,29w
97630177w,29w
97631025w,29w
106580787w,29w
106582909w,29w
106594053w,29w
106594305w,29w
106594703w,29w
106595076w,29w
106602216w,29w
106602317w,29w
106603188w,29w
106603203w,29w
106603495w,29w
106608816w,29w
106614408w,29w
106615175w,29w
106616435w,29w
106616738w,29w
106627435w,29w
106627450w,29w
106627452w,29w
1354033w,29w
1354756w,38w
1384443w,142w
1419214w,96w
211585w,17w
172125w,142w
500796w,298w
500808w,298w
501072w,298w
529923w,43w
3238270w,16w
3287362w,142w
3485434w,148w
3678423w,38w
3848089w,96w
5276996w,398w
5965459w,881w
6547997w,794w
1668684w,183w
1741475w,924w
1760360w,1049w
65970875w,29w
65981310w,148w
65998115w,668w
66023232w,252w
66054700w,183w
66054777w,183w
66054790w,183w
66054796w,183w
66057948w,794w
66057983w,796w
66057993w,796w
66057049w,36w
66057053w,36w
66057598w,252w
66058297w,29w
66058302w,29w
66076021w,29w
66084422w,29w
66088085w,17w
66124373w,17w
66132600w,819w
1630245w,854w
1644597w,38w
1646999w,29w
284125w,183w
338716w,159w
343053w,233w
2179025w,55w
2202410w,31w
2248633w,399w
2254455w,31w
2271780w,38w
2295070w,31w
2301527w,924w
232771w,148w
259173w,145w
272932w,43w
2308778w,159w
2311719w,55w
14690w,159w
15339w,159w
106632478w,29w
106632479w,29w
106635144w,29w
109896173w,858w
110619451w,858w
111318002w,29w
203797w,40w
206234w,142w
206258w,29w
185156w,241w
199618w,30w
1136251w,258w
1246833w,183w
1501940w,29w
1501940w,1747689w
18481471w,29w
18482667w,29w
18923032w,55w
19407128w,225w
19407138w,225w
19407154w,225w
19844626w,29w
20012709w,39w
20053511w,29w
20207875w,17w
20492232w,29w
20492640w,29w
20637540w,17w
20984984w,29w
20985661w,29w
20985669w,29w
21641475w,159w
21653164w,17w
21653806w,17w
22669854w,159w
22936823w,142w
656738w,142w
672456w,233w
680065w,869w
680292w,29w
1438468w,1005w
1448870w,38w
1467901w,252w
1511531w,843w
1516753w,17w
41455w,664w
46650w,408w
15229898w,45w
15278644w,912w
15633188w,159w
16333721w,298w
16489697w,29w
16518820w,29w
16552283w,29w
16574070w,38w
16744235w,218w
16796158w,29w
17226685w,17w
17650485w,145w
17675760w,145w
18110177w,148w
18142167w,884w
18145756w,29w
18481292w,29w
808934w,408w
835315w,183w
844417w,924w
835315w,1747689w
489229w,884w
3825559w,38w
4065167w,159w
4070581w,218w
4143781w,212w
4228425w,159w
26267357w,1049w
65531591w,419w
65531613w,419w
65531619w,419w
65531634w,419w
65531638w,419w
65531645w,419w
65531681w,419w
65531692w,419w
65559537w,155w
65617157w,419w
65643572w,262w
65643583w,262w
65643588w,262w
65643599w,262w
65643680w,262w
65832535w,79w
65920626w,114w
108076655w,1008w
109717512w,858w
109892063w,858w
43147152w,29w
43147160w,29w
43147287w,29w
43147347w,29w
43147631w,29w
43149071w,29w
61115366w,224w
106595017w,29w
2992054w,39w
3108848w,39w
3324044w,39w
3505818w,39w
3581829w,142w
3585406w,29w
3585745w,159w
3695769w,668w
3774528w,29w
208379w,23792w
5735400w,794w
64819281w,145w
64821771w,183w
64821778w,183w
64822252w,183w
64823003w,183w
64824434w,183w
64824453w,213w
64825462w,183w
64828705w,142w
64828709w,142w
64829589w,142w
64832437w,142w
65531487w,298w
65531490w,298w
65531563w,736w
65531594w,419w
65531604w,419w
65531648w,419w
65531670w,419w
65562358w,739w
65617103w,419w
65643552w,262w
65643568w,262w
65643592w,262w
65921576w,1025w
65920620w,114w
65920627w,114w
65920628w,114w
65953935w,889w
65953936w,889w
65953994w,398w
65954005w,398w
65954050w,398w
65954051w,398w
65965423w,148w
65966784w,148w
65966995w,29w
65967162w,148w
602572w,142w
611070w,218w
616757w,96w
619742w,794w
625330w,884w
19852428w,148w
20650698w,142w
23818211w,145w
24434043w,148w
28833066w,16w
18031707w,219060w
2340680w,31w
2378783w,159w
2402686w,233w
2520725w,142w
2546376w,38w
2585609w,159w
2612448w,31w
2752519w,31w
2884459w,96w
2887007w,142w
2889253w,29w
2901819w,39w
2945654w,142w
2984058w,29w
769555w,55w
790099w,424w
821621w,29w
830054w,212w
2229969w,142w
2243021w,213w
66080814w,29w
66087934w,17w
66089900w,17w
66089910w,17w
66092178w,17w
66092177w,17w
66124363w,17w
66124366w,17w
66124374w,17w
66133227w,833w
66134031w,842w
66145768w,851w
66197428w,884w
66198237w,884w
66213344w,881w
97288841w,29w
97359098w,668w
97631410w,29w
103810663w,17w
2052044w,38w
65921577w,1025w
65924964w,1028w
65926578w,1028w
65926581w,1028w
65936194w,1041w
65936193w,1041w
65937476w,258w
65937857w,1049w
65944715w,948w
65953998w,398w
65954002w,398w
65954001w,398w
65954007w,398w
65954033w,398w
65965430w,148w
65966770w,148w
65970866w,29w
65998155w,668w
65998809w,668w
66004184w,668w
66023673w,794w
66023233w,252w
66051672w,148w
66054714w,183w
66054725w,183w
66057937w,794w
66057942w,794w
66057940w,794w
66057986w,796w
66057989w,796w
66057599w,252w
66057596w,252w
66057622w,148w
66065252w,29w
643631w,145w
106922413w,29w
844875w,241w
845924w,15180w
845924w,159w
845924w,34266w
2198662w,252w
2278207w,96w
2295734w,159w
2312403w,30w
2326418w,40w
2326743w,17w
2338956w,17w
959026w,29w
991637w,233w
1006702w,183w
1036938w,17w
1046294w,232w
1787344w,38w
1796353w,229w
1815584w,1009w
1822057w,29w
1904497w,183w
1953791w,55w
1972371w,159w
1975614w,399w
2341843w,31w
2346055w,191w
2372329w,142w
2445825w,159w
2486782w,223w
2562112w,258w
2671145w,31w
473472w,17w
478784w,117w
483295w,884w
498261w,29w
12529433w,232w
12632074w,224w
12722321w,218w
12723948w,218w
12805317w,215w
12907852w,236w
54948065w,45w
55249696w,183w
61120261w,214w
64677110w,213w
64808630w,159w
107719670w,145w
551347w,183w
555702w,29w
568461w,148w
582922w,1008w
423654w,869w
432124w,17w
380384w,837w
386420w,869w
413452w,813w
2760489w,414w
2893739w,142w
2894013w,39w
2942708w,29w
2942804w,29w
2948721w,31w
2963123w,39w
2972673w,29w
2974392w,142w
2993079w,29w
3056346w,252w
710524w,423w
723019w,183w
723019w,1747689w
1165566w,241w
1180030w,258w
1187278w,17w
1203099w,17w
842826w,794w
2071200w,1019w
2092494w,414w
2100704w,142w
2112447w,142w
2126111w,31w
1183360w,858w
1246283w,668w
1258865w,38w
1328958w,43w
1360751w,408w
744455w,29w
745359w,38w
746773w,750w
750251w,155w
5671143w,96w
5748359w,29w
5769353w,29w
5785826w,29w
5847577w,29w
5853681w,96w
5910667w,29w
5912026w,29w
5912070w,29w
6023312w,29w
6032913w,29w
6450569w,794w
6538229w,29w
6870388w,36w
6873175w,884w
6985710w,948w
7082047w,17w
7171560w,668w
7376933w,217w
7414653w,29w
7451561w,884w
1048381w,148w
1095657w,96w
1104673w,213w
1147877w,218w
3079841w,29w
3079849w,29w
3080218w,17w
3089169w,408w
3115300w,39w
3157050w,36w
3179279w,17w
3233690w,142w
3286060w,142w
3323258w,142w
3364404w,96w
3396776w,142w
3437182w,668w
719690w,218w
730019w,41w
738794w,38w
663436w,39w
679979w,230w
681029w,39w
695166w,884w
701847w,17w
1998460w,117w
2000094w,31w
2068929w,96w
106839028w,29w
106861824w,29w
106872241w,29w
106899691w,29w
848793w,148w
849508w,114w
2273958w,183w
2311205w,1008w
2310368w,142w
2310816w,142w
2329350w,142w
2388373w,142w
2390081w,252w
2391522w,801w
1049143w,29w
1049270w,29w
1053521w,29w
1053962w,28025w
1053962w,17w
1112125w,858w
1116933w,1019w
1571159w,836w
1585258w,183w
1609022w,29w
1614748w,29w
1585258w,1747689w
1151821w,17w
1241285w,33w
1258473w,159w
7643009w,155w
9004968w,29w
9007519w,29w
9097441w,29w
9187655w,36w
9187810w,36w
10283905w,45w
10332511w,155w
10344986w,155w
10512403w,34w
10682071w,211w
10788196w,881w
3471746w,29w
3581831w,142w
3585253w,142w
3593036w,664w
3813716w,29w
3896939w,29w
3936889w,668w
4022355w,851w
4082597w,159w
4190958w,159w
2299483w,38w
2302162w,15180w
2302162w,232w
2302162w,34266w
4246014w,232w
4337736w,159w
4397707w,159w
4828216w,142w
4920688w,148w
4955532w,668w
5054949w,29w
5117082w,29w
5117169w,29w
5192604w,96w
5319674w,219w
5366860w,17w
5371873w,423w
5443696w,408w
5637120w,29w
704665w,183w
833416w,218w
852429w,148w
106916523w,29w
106977912w,29w
107509137w,142w
108006770w,851w
108007050w,851w
108028141w,148w
108028146w,148w
108028147w,148w
108040339w,145w
1267419w,183w
1309771w,252w
1324562w,148w
1267419w,1747689w
2423898w,399w
2452386w,142w
2524402w,212w
2551859w,29w
2556527w,183w
2564175w,38w
2660144w,17w
2705507w,38w
2718415w,965w
859735w,38w
909889w,38w
914225w,145w
914743w,142w
775457w,31w
786814w,30w
791665w,801w
797147w,804w
798826w,148w
2586986w,55w
2636724w,30w
2660525w,928w
2660096w,55w
2722026w,38w
2722437w,38w
2744060w,258w
746333w,29w
753891w,96w
2742228w,31w
2820817w,142w
2942496w,29w
2945651w,804w
2946551w,1041w
2971102w,142w
2974657w,142w
3066576w,1028w
3079437w,142w
3121589w,29w
3133545w,17w
3133545w,28025w
3197197w,17w
3298793w,29w
3344274w,39w
3364411w,929w
3364170w,159w
3542515w,39w
3560000w,39w
3574169w,39w
3581858w,142w
3634368w,668w
3737552w,20w
3754535w,29w
890651w,114w
891068w,31w
902329w,41w
953919w,29w
854989w,843w
869275w,17w
869453w,218w
877381w,148w
1415856w,794w
1424316w,1049w
1433981w,183w
1456840w,36w
1487492w,142w
1504607w,41w
3756728w,29w
3776436w,29w
3825847w,38w
3867341w,38w
3936580w,38w
4228740w,159w
4268096w,159w
4297664w,159w
4336883w,159w
4348414w,159w
4390628w,212w
4397709w,159w
4417968w,159w
4450521w,159w
4492012w,159w
5117170w,29w
5175126w,218w
5400383w,29w
1380559w,114w
1422898w,811w
1431547w,142w
1478407w,38w
949388w,225w
954593w,117w
977148w,29w
981723w,142w
995023w,142w
1013468w,43w
1519034w,159w
1544323w,408w
1680814w,30w
1742784w,41w
1746897w,183w
1807728w,805w
1818182w,31w
1746897w,1747689w
5600169w,148w
5637356w,29w
5697252w,96w
5770224w,29w
5785979w,29w
5848754w,414w
5873060w,55w
5911720w,29w
5911879w,29w
5912004w,29w
5912050w,29w
5948387w,29w
6025789w,43w
6032832w,29w
6065681w,29w
6165262w,668w
6553852w,148w
6809163w,668w
7077228w,17w
1139609w,38w
1152972w,230w
1157141w,148w
1165197w,148w
10943140w,17w
10953737w,29w
11077815w,148w
11087935w,148w
11091804w,148w
11253145w,423w
1647575w,29w
1734810w,142w
1740560w,227w
1746863w,183w
1757628w,241w
1789960w,159w
2793194w,142w
2851094w,142w
2886910w,142w
2894392w,29w
2896261w,17w
2906374w,31w
2942729w,29w
2943310w,17w
2972533w,159w
7194595w,16w
7219765w,884w
7361967w,29w
7481070w,881w
7963249w,41w
8343028w,242w
116505071w,159w
1964607w,15180w
1964607w,159w
1964607w,34266w
1968746w,1019w
1971013w,183w
2005868w,31w
2018241w,31w
2031208w,750w
2094477w,159w
2115058w,38w
2119839w,1049w
2144588w,30w
2199749w,55w
2249567w,183w
2983524w,39w
2994323w,159w
3056759w,29w
3108515w,145w
106936971w,29w
106963996w,29w
106965283w,29w
1809766w,142w
1823915w,31w
1880328w,55w
1915216w,41w
1916655w,34w
2095735w,408w
2136628w,858w
2139666w,117w
2145005w,41w
2211082w,38w
2220193w,399w
2272836w,142w
2315459w,142w
108039400w,230w
108039401w,230w
108040344w,145w
108040846w,38w
108040852w,38w
2336343w,31w
2348655w,96w
2392816w,31w
2445843w,774w
2471589w,17w
2487302w,155w
2513127w,29w
2513170w,29w
2547508w,29w
2570888w,869w
2580451w,929w
2580451w,971w
2580451w,1009w
